Date,Adj Close,Close,High,Low,Open,Volume
2017-01-02,278.0,278.0,278.0,278.0,278.0,0.0
2017-01-03,272.0,272.0,280.0,268.0,278.0,192582900.0
2017-01-04,266.0,266.0,274.0,266.0,272.0,174155700.0
2017-01-05,304.0,304.0,308.0,264.0,268.0,1607649800.0
2017-01-06,324.0,324.0,332.0,300.0,302.0,1915102600.0
2017-01-09,342.0,342.0,348.0,324.0,324.0,1051557500.0
2017-01-10,340.0,340.0,344.0,328.0,342.0,516268400.0
2017-01-11,368.0,368.0,370.0,340.0,340.0,1425023900.0
2017-01-12,370.0,370.0,396.0,362.0,368.0,708.0
2017-01-13,388.0,388.0,388.0,370.0,374.0,761040500.0
2017-01-16,410.0,410.0,410.0,388.0,388.0,1391601500.0
2017-01-17,420.0,420.0,424.0,402.0,410.0,889768200.0
2017-01-18,426.0,426.0,434.0,414.0,420.0,851471700.0
2017-01-19,420.0,420.0,436.0,414.0,430.0,666299700.0
2017-01-20,416.0,416.0,426.0,412.0,420.0,315246000.0
2017-01-23,446.0,446.0,448.0,404.0,416.0,963457400.0
2017-01-24,480.0,480.0,482.0,446.0,450.0,1192319900.0
2017-01-25,486.0,486.0,496.0,472.0,496.0,1327372800.0
2017-01-26,476.0,476.0,492.0,470.0,486.0,729104400.0
2017-01-27,505.0,505.0,505.0,476.0,476.0,765560400.0
2017-01-30,494.0,494.0,520.0,490.0,505.0,892539300.0
2017-01-31,498.0,498.0,505.0,476.0,498.0,1156844600.0
2017-02-01,474.0,474.0,505.0,472.0,500.0,890711600.0
2017-02-02,478.0,478.0,482.0,458.0,474.0,980955700.0
2017-02-03,474.0,474.0,484.0,464.0,480.0,467257500.0
2017-02-06,470.0,470.0,484.0,468.0,476.0,301891700.0
2017-02-07,464.0,464.0,494.0,464.0,472.0,1041293600.0
2017-02-08,430.0,430.0,484.0,428.0,470.0,2256803200.0
2017-02-09,434.0,434.0,446.0,424.0,430.0,815734300.0
2017-02-10,426.0,426.0,444.0,424.0,438.0,312078500.0
2017-02-13,410.0,410.0,430.0,404.0,426.0,606195000.0
2017-02-14,402.0,402.0,420.0,400.0,410.0,621294800.0
2017-02-15,402.0,402.0,402.0,402.0,402.0,0.0
2017-02-16,356.0,356.0,408.0,350.0,404.0,1491314800.0
2017-02-17,362.0,362.0,382.0,346.0,358.0,1047599300.0
2017-02-20,380.0,380.0,380.0,362.0,366.0,543409400.0
2017-02-21,294.0,294.0,398.0,294.0,390.0,2147154100.0
2017-02-22,368.0,368.0,372.0,262.0,300.0,2738941900.0
2017-02-23,360.0,360.0,384.0,340.0,372.0,1614599900.0
2017-02-24,332.0,332.0,376.0,330.0,362.0,948517600.0
2017-02-27,322.0,322.0,340.0,312.0,326.0,633363100.0
2017-02-28,318.0,318.0,332.0,318.0,322.0,210739800.0
2017-03-01,300.0,300.0,326.0,296.0,322.0,350333300.0
2017-03-02,292.0,292.0,314.0,288.0,306.0,485945500.0
2017-03-03,320.0,320.0,326.0,278.0,290.0,1064080900.0
2017-03-06,324.0,324.0,334.0,316.0,324.0,543811600.0
2017-03-07,310.0,310.0,326.0,308.0,324.0,401105100.0
2017-03-08,302.0,302.0,318.0,298.0,308.0,284805600.0
2017-03-09,304.0,304.0,310.0,294.0,304.0,238801800.0
2017-03-10,298.0,298.0,308.0,296.0,306.0,131217400.0
2017-03-13,322.0,322.0,324.0,290.0,300.0,546035700.0
2017-03-14,316.0,316.0,332.0,316.0,326.0,483813200.0
2017-03-15,312.0,312.0,318.0,306.0,312.0,206293700.0
2017-03-16,308.0,308.0,318.0,308.0,314.0,104895600.0
2017-03-17,348.0,348.0,358.0,308.0,310.0,1021000000.0
2017-03-20,342.0,342.0,360.0,342.0,352.0,476138400.0
2017-03-21,366.0,366.0,370.0,342.0,346.0,692605600.0
2017-03-22,362.0,362.0,374.0,360.0,364.0,426247000.0
2017-03-23,368.0,368.0,374.0,362.0,362.0,297418800.0
2017-03-24,366.0,366.0,376.0,366.0,370.0,200532000.0
2017-03-27,338.0,338.0,370.0,324.0,338.0,791523800.0
2017-03-29,332.0,332.0,350.0,328.0,338.0,302610500.0
2017-03-30,328.0,328.0,342.0,328.0,328.0,156790500.0
2017-03-31,332.0,332.0,342.0,324.0,332.0,285019100.0
2017-04-03,334.0,334.0,340.0,326.0,336.0,217184000.0
2017-04-04,414.0,414.0,416.0,338.0,338.0,2112.0
2017-04-05,414.0,414.0,414.0,414.0,414.0,0.0
2017-04-06,416.0,416.0,438.0,412.0,432.0,531434400.0
2017-04-07,404.0,404.0,432.0,398.0,418.0,915736800.0
2017-04-10,394.0,394.0,416.0,382.0,406.0,897006600.0
2017-04-11,396.0,396.0,408.0,390.0,392.0,255062400.0
2017-04-12,386.0,386.0,402.0,386.0,396.0,153728300.0
2017-04-13,388.0,388.0,398.0,384.0,386.0,143683400.0
2017-04-17,386.0,386.0,418.0,386.0,392.0,706923000.0
2017-04-18,420.0,420.0,422.0,388.0,388.0,1204350100.0
2017-04-19,420.0,420.0,420.0,420.0,420.0,0.0
2017-04-20,398.0,398.0,442.0,388.0,424.0,2119928500.0
2017-04-21,402.0,402.0,408.0,394.0,402.0,159910700.0
2017-04-25,408.0,408.0,416.0,406.0,406.0,391714500.0
2017-04-26,434.0,434.0,446.0,406.0,412.0,1503311000.0
2017-04-27,454.0,454.0,458.0,434.0,438.0,984942600.0
2017-04-28,448.0,448.0,460.0,444.0,456.0,482200500.0
2017-05-02,434.0,434.0,462.0,430.0,460.0,1002590800.0
2017-05-03,428.0,428.0,442.0,426.0,436.0,496374500.0
2017-05-04,408.0,408.0,432.0,404.0,432.0,322712100.0
2017-05-05,398.0,398.0,412.0,388.0,408.0,597932500.0
2017-05-08,398.0,398.0,408.0,392.0,400.0,585058900.0
2017-05-09,378.0,378.0,398.0,374.0,398.0,476442300.0
2017-05-10,328.0,328.0,382.0,300.0,378.0,872766400.0
2017-05-12,348.0,348.0,356.0,330.0,330.0,503902700.0
2017-05-15,348.0,348.0,374.0,338.0,352.0,1182124100.0
2017-05-16,352.0,352.0,370.0,346.0,360.0,318748500.0
2017-05-17,352.0,352.0,358.0,330.0,356.0,487230300.0
2017-05-18,400.0,400.0,404.0,342.0,348.0,1322282900.0
2017-05-19,396.0,396.0,412.0,392.0,404.0,640116100.0
2017-05-22,398.0,398.0,410.0,392.0,398.0,522063400.0
2017-05-23,380.0,380.0,410.0,374.0,402.0,817375400.0
2017-05-24,354.0,354.0,384.0,346.0,380.0,1164243300.0
2017-05-26,366.0,366.0,372.0,344.0,348.0,733737300.0
2017-05-29,364.0,364.0,374.0,356.0,366.0,416646200.0
2017-05-30,366.0,366.0,382.0,364.0,366.0,445669600.0
2017-05-31,384.0,384.0,384.0,366.0,366.0,681149900.0
2017-06-01,384.0,384.0,384.0,384.0,384.0,0.0
2017-06-02,372.0,372.0,390.0,368.0,380.0,580870500.0
2017-06-05,330.0,330.0,376.0,326.0,374.0,797307300.0
2017-06-06,328.0,328.0,336.0,322.0,330.0,500625400.0
2017-06-07,330.0,330.0,338.0,326.0,330.0,240847200.0
2017-06-08,328.0,328.0,334.0,324.0,332.0,170425400.0
2017-06-09,340.0,340.0,352.0,326.0,330.0,710256000.0
2017-06-12,340.0,340.0,348.0,336.0,344.0,316585500.0
2017-06-13,334.0,334.0,342.0,334.0,342.0,156642500.0
2017-06-14,330.0,330.0,338.0,330.0,334.0,129830200.0
2017-06-15,332.0,332.0,336.0,328.0,332.0,105101600.0
2017-06-16,338.0,338.0,346.0,328.0,336.0,480537400.0
2017-06-19,356.0,356.0,362.0,338.0,342.0,652163600.0
2017-06-20,356.0,356.0,364.0,356.0,360.0,340340400.0
2017-06-21,352.0,352.0,358.0,346.0,356.0,190819700.0
2017-06-22,340.0,340.0,356.0,336.0,348.0,234361000.0
2017-06-23,340.0,340.0,340.0,340.0,340.0,0.0
2017-06-26,340.0,340.0,340.0,340.0,340.0,0.0
2017-06-27,340.0,340.0,340.0,340.0,340.0,0.0
2017-06-28,340.0,340.0,340.0,340.0,340.0,0.0
2017-06-29,340.0,340.0,340.0,340.0,340.0,0.0
2017-06-30,340.0,340.0,340.0,340.0,340.0,0.0
2017-07-03,374.0,374.0,394.0,360.0,360.0,692977900.0
2017-07-04,360.0,360.0,380.0,356.0,378.0,392925200.0
2017-07-05,344.0,344.0,364.0,344.0,362.0,376202400.0
2017-07-06,342.0,342.0,352.0,340.0,346.0,452544700.0
2017-07-07,332.0,332.0,346.0,328.0,344.0,370934100.0
2017-07-10,328.0,328.0,340.0,322.0,340.0,153485700.0
2017-07-11,324.0,324.0,336.0,320.0,328.0,190702100.0
2017-07-12,332.0,332.0,332.0,324.0,326.0,147953800.0
2017-07-13,328.0,328.0,336.0,328.0,336.0,107949700.0
2017-07-14,346.0,346.0,346.0,328.0,330.0,236236300.0
2017-07-17,350.0,350.0,354.0,334.0,350.0,384016200.0
2017-07-18,344.0,344.0,352.0,342.0,350.0,189522100.0
2017-07-19,350.0,350.0,358.0,346.0,348.0,341492600.0
2017-07-20,344.0,344.0,356.0,344.0,350.0,221387800.0
2017-07-21,334.0,334.0,348.0,334.0,346.0,163228500.0
2017-07-24,332.0,332.0,336.0,330.0,336.0,96372600.0
2017-07-25,332.0,332.0,340.0,330.0,332.0,133683200.0
2017-07-26,328.0,328.0,338.0,326.0,334.0,115154900.0
2017-07-27,328.0,328.0,334.0,322.0,326.0,122207200.0
2017-07-28,358.0,358.0,360.0,332.0,332.0,620423200.0
2017-07-31,342.0,342.0,362.0,342.0,360.0,320322700.0
2017-08-01,340.0,340.0,354.0,338.0,350.0,258064500.0
2017-08-02,338.0,338.0,346.0,336.0,338.0,164324100.0
2017-08-03,334.0,334.0,344.0,332.0,342.0,107018100.0
2017-08-04,330.0,330.0,340.0,328.0,334.0,201458900.0
2017-08-07,324.0,324.0,334.0,322.0,330.0,223815700.0
2017-08-08,306.0,306.0,328.0,300.0,326.0,644036000.0
2017-08-09,296.0,296.0,308.0,286.0,308.0,628935000.0
2017-08-10,282.0,282.0,302.0,280.0,296.0,525483900.0
2017-08-11,276.0,276.0,288.0,270.0,280.0,423930100.0
2017-08-14,280.0,280.0,286.0,276.0,280.0,245859500.0
2017-08-15,294.0,294.0,296.0,280.0,282.0,360328800.0
2017-08-16,292.0,292.0,302.0,290.0,296.0,287693500.0
2017-08-17,292.0,292.0,292.0,292.0,292.0,0.0
2017-08-18,288.0,288.0,294.0,286.0,290.0,122921800.0
2017-08-21,274.0,274.0,292.0,274.0,290.0,319819600.0
2017-08-22,268.0,268.0,280.0,264.0,274.0,333553900.0
2017-08-23,284.0,284.0,288.0,266.0,270.0,530160400.0
2017-08-24,268.0,268.0,286.0,268.0,286.0,427512800.0
2017-08-25,264.0,264.0,270.0,262.0,268.0,212036800.0
2017-08-28,248.0,248.0,268.0,248.0,266.0,397335900.0
2017-08-29,244.0,244.0,258.0,244.0,250.0,327204600.0
2017-08-30,234.0,234.0,248.0,232.0,246.0,414452300.0
2017-08-31,228.0,228.0,238.0,226.0,236.0,274995200.0
2017-09-01,228.0,228.0,228.0,228.0,228.0,0.0
2017-09-04,228.0,228.0,238.0,226.0,228.0,289960600.0
2017-09-05,258.0,258.0,258.0,228.0,230.0,894921300.0
2017-09-06,248.0,248.0,272.0,248.0,260.0,786489600.0
2017-09-07,242.0,242.0,254.0,236.0,250.0,283018900.0
2017-09-08,244.0,244.0,254.0,240.0,244.0,309309600.0
2017-09-11,250.0,250.0,258.0,242.0,246.0,400596400.0
2017-09-12,240.0,240.0,256.0,236.0,254.0,301553800.0
2017-09-13,218.0,218.0,242.0,216.0,234.0,437968700.0
2017-09-14,206.0,206.0,226.0,202.0,220.0,352400600.0
2017-09-15,200.0,200.0,214.0,187.0,208.0,718190700.0
2017-09-18,202.0,202.0,204.0,192.0,202.0,268126000.0
2017-09-19,224.0,224.0,224.0,199.0,202.0,566799400.0
2017-09-20,212.0,212.0,226.0,212.0,226.0,404329600.0
2017-09-21,212.0,212.0,212.0,212.0,212.0,0.0
2017-09-22,206.0,206.0,216.0,204.0,214.0,292051200.0
2017-09-25,204.0,204.0,214.0,200.0,206.0,305894600.0
2017-09-26,189.0,189.0,208.0,184.0,206.0,748949200.0
2017-09-27,174.0,174.0,190.0,174.0,190.0,492080800.0
2017-09-28,191.0,191.0,192.0,166.0,175.0,1052912700.0
2017-09-29,199.0,199.0,206.0,191.0,193.0,694562500.0
2017-10-02,173.0,173.0,204.0,171.0,200.0,617640400.0
2017-10-03,206.0,206.0,206.0,174.0,175.0,1052760000.0
2017-10-04,202.0,202.0,222.0,202.0,208.0,925832600.0
2017-10-05,190.0,190.0,212.0,188.0,202.0,556528000.0
2017-10-06,191.0,191.0,200.0,188.0,192.0,422183000.0
2017-10-09,202.0,202.0,206.0,192.0,193.0,605455300.0
2017-10-10,195.0,195.0,206.0,194.0,204.0,312643700.0
2017-10-11,194.0,194.0,198.0,191.0,197.0,178028000.0
2017-10-12,202.0,202.0,204.0,195.0,195.0,383770900.0
2017-10-13,194.0,194.0,216.0,188.0,202.0,1109853900.0
2017-10-16,197.0,197.0,202.0,194.0,196.0,332057800.0
2017-10-17,198.0,198.0,200.0,196.0,199.0,139945600.0
2017-10-18,197.0,197.0,206.0,193.0,200.0,349300000.0
2017-10-19,204.0,204.0,208.0,197.0,199.0,477769800.0
2017-10-20,212.0,212.0,214.0,204.0,206.0,670968300.0
2017-10-23,236.0,236.0,236.0,214.0,214.0,784883100.0
2017-10-24,242.0,242.0,252.0,232.0,238.0,1270279300.0
2017-10-25,234.0,234.0,246.0,230.0,246.0,566316800.0
2017-10-26,246.0,246.0,252.0,234.0,234.0,705384400.0
2017-10-27,264.0,264.0,264.0,248.0,248.0,683343900.0
2017-10-30,268.0,268.0,276.0,264.0,266.0,700471400.0
2017-10-31,260.0,260.0,272.0,254.0,270.0,585421200.0
2017-11-01,272.0,272.0,272.0,258.0,260.0,560151000.0
2017-11-02,274.0,274.0,282.0,266.0,274.0,816773200.0
2017-11-03,266.0,266.0,276.0,264.0,274.0,279801600.0
2017-11-06,260.0,260.0,268.0,258.0,268.0,294057800.0
2017-11-07,266.0,266.0,272.0,256.0,262.0,387388300.0
2017-11-08,262.0,262.0,270.0,262.0,268.0,172633000.0
2017-11-09,252.0,252.0,266.0,248.0,262.0,349355900.0
2017-11-10,252.0,252.0,258.0,246.0,252.0,282280600.0
2017-11-13,250.0,250.0,258.0,248.0,254.0,175383000.0
2017-11-14,280.0,280.0,280.0,250.0,250.0,1231128200.0
2017-11-15,270.0,270.0,286.0,268.0,280.0,1243028200.0
2017-11-16,272.0,272.0,278.0,268.0,272.0,440276500.0
2017-11-17,272.0,272.0,278.0,272.0,272.0,322020000.0
2017-11-20,276.0,276.0,282.0,272.0,272.0,329977500.0
2017-11-21,280.0,280.0,282.0,274.0,278.0,365827500.0
2017-11-22,306.0,306.0,306.0,282.0,284.0,1115703200.0
2017-11-23,302.0,302.0,310.0,300.0,308.0,746736000.0
2017-11-24,300.0,300.0,306.0,296.0,304.0,309439900.0
2017-11-27,308.0,308.0,314.0,300.0,302.0,558530900.0
2017-11-28,290.0,290.0,312.0,280.0,308.0,1070544100.0
2017-11-29,306.0,306.0,306.0,288.0,294.0,587833200.0
2017-11-30,300.0,300.0,306.0,294.0,306.0,830087400.0
2017-12-01,300.0,300.0,300.0,300.0,300.0,0.0
2017-12-04,272.0,272.0,300.0,272.0,300.0,1048061900.0
2017-12-05,274.0,274.0,280.0,254.0,272.0,1056494000.0
2017-12-06,260.0,260.0,280.0,260.0,278.0,339067600.0
2017-12-07,248.0,248.0,266.0,246.0,256.0,626659500.0
2017-12-08,254.0,254.0,258.0,246.0,250.0,354296100.0
2017-12-11,218.0,218.0,258.0,212.0,256.0,1368928900.0
2017-12-12,242.0,242.0,242.0,210.0,220.0,1078467100.0
2017-12-13,252.0,252.0,256.0,236.0,242.0,1124847200.0
2017-12-14,272.0,272.0,274.0,250.0,256.0,919621700.0
2017-12-15,258.0,258.0,272.0,258.0,270.0,692252000.0
2017-12-18,268.0,268.0,276.0,262.0,264.0,917549300.0
2017-12-19,278.0,278.0,286.0,268.0,268.0,867527000.0
2017-12-20,282.0,282.0,292.0,280.0,280.0,796588100.0
2017-12-21,278.0,278.0,288.0,272.0,282.0,518081400.0
2017-12-22,274.0,274.0,282.0,270.0,280.0,312693000.0
2017-12-25,274.0,274.0,274.0,274.0,274.0,0.0
2017-12-26,274.0,274.0,274.0,274.0,274.0,0.0
2017-12-27,280.0,280.0,282.0,274.0,276.0,180828300.0
2017-12-28,280.0,280.0,288.0,278.0,282.0,373630700.0
2017-12-29,270.0,270.0,284.0,270.0,282.0,291283700.0
2018-01-01,270.0,270.0,270.0,270.0,270.0,0.0
2018-01-02,268.0,268.0,274.0,262.0,272.0,253027500.0
2018-01-03,274.0,274.0,280.0,268.0,270.0,383260100.0
2018-01-04,276.0,276.0,280.0,270.0,276.0,256846300.0
2018-01-05,294.0,294.0,300.0,276.0,278.0,1263758100.0
2018-01-08,296.0,296.0,302.0,286.0,296.0,845854500.0
2018-01-09,294.0,294.0,304.0,294.0,298.0,728033100.0
2018-01-10,290.0,290.0,296.0,282.0,294.0,679286700.0
2018-01-11,298.0,298.0,304.0,288.0,290.0,1349986800.0
2018-01-12,296.0,296.0,308.0,294.0,300.0,822034200.0
2018-01-15,290.0,290.0,298.0,290.0,298.0,360671400.0
2018-01-16,284.0,284.0,294.0,282.0,290.0,573396800.0
2018-01-17,284.0,284.0,292.0,282.0,286.0,406600500.0
2018-01-18,286.0,286.0,296.0,286.0,288.0,615608300.0
2018-01-19,288.0,288.0,294.0,286.0,288.0,338230000.0
2018-01-22,298.0,298.0,304.0,288.0,290.0,1093710600.0
2018-01-23,298.0,298.0,306.0,296.0,302.0,849829100.0
2018-01-24,322.0,322.0,322.0,292.0,300.0,1828894900.0
2018-01-25,344.0,344.0,348.0,322.0,326.0,2225676800.0
2018-01-26,338.0,338.0,356.0,336.0,346.0,1371198600.0
2018-01-29,346.0,346.0,350.0,336.0,340.0,873999800.0
2018-01-30,330.0,330.0,350.0,324.0,348.0,979081600.0
2018-01-31,324.0,324.0,338.0,320.0,326.0,790548800.0
2018-02-01,318.0,318.0,332.0,314.0,324.0,879867200.0
2018-02-02,328.0,328.0,330.0,314.0,318.0,826304300.0
2018-02-05,320.0,320.0,328.0,310.0,312.0,676589200.0
2018-02-06,306.0,306.0,316.0,292.0,308.0,1247107100.0
2018-02-07,302.0,302.0,318.0,302.0,314.0,481441000.0
2018-02-08,314.0,314.0,316.0,298.0,300.0,509451600.0
2018-02-09,300.0,300.0,308.0,298.0,302.0,429678400.0
2018-02-12,326.0,326.0,326.0,306.0,306.0,954418600.0
2018-02-13,330.0,330.0,344.0,328.0,330.0,1061413600.0
2018-02-14,324.0,324.0,336.0,324.0,334.0,509133300.0
2018-02-15,326.0,326.0,332.0,324.0,330.0,470605700.0
2018-02-16,326.0,326.0,326.0,326.0,326.0,0.0
2018-02-19,332.0,332.0,340.0,328.0,330.0,519591200.0
2018-02-20,328.0,328.0,336.0,326.0,332.0,947292600.0
2018-02-21,340.0,340.0,350.0,326.0,326.0,1841959500.0
2018-02-22,330.0,330.0,340.0,330.0,340.0,785190500.0
2018-02-23,324.0,324.0,336.0,322.0,334.0,608230700.0
2018-02-26,318.0,318.0,330.0,314.0,328.0,589442700.0
2018-02-27,316.0,316.0,324.0,312.0,314.0,379190200.0
2018-02-28,316.0,316.0,324.0,312.0,316.0,375477600.0
2018-03-01,312.0,312.0,320.0,312.0,314.0,261716100.0
2018-03-02,306.0,306.0,312.0,304.0,304.0,269386800.0
2018-03-05,306.0,306.0,314.0,304.0,306.0,344002100.0
2018-03-06,316.0,316.0,320.0,306.0,306.0,697434600.0
2018-03-07,296.0,296.0,318.0,294.0,316.0,788415700.0
2018-03-08,296.0,296.0,302.0,282.0,300.0,539730100.0
2018-03-09,296.0,296.0,304.0,292.0,300.0,286969100.0
2018-03-12,298.0,298.0,306.0,296.0,302.0,306138800.0
2018-03-13,292.0,292.0,302.0,288.0,300.0,320764500.0
2018-03-14,280.0,280.0,292.0,276.0,288.0,375737900.0
2018-03-15,276.0,276.0,286.0,274.0,278.0,426332200.0
2018-03-16,284.0,284.0,288.0,276.0,280.0,454912700.0
2018-03-19,284.0,284.0,298.0,282.0,286.0,640849500.0
2018-03-20,284.0,284.0,286.0,276.0,282.0,334766500.0
2018-03-21,294.0,294.0,300.0,284.0,288.0,709622200.0
2018-03-22,288.0,288.0,298.0,286.0,296.0,365429700.0
2018-03-23,288.0,288.0,292.0,274.0,280.0,400019300.0
2018-03-26,286.0,286.0,292.0,284.0,288.0,285653700.0
2018-03-27,288.0,288.0,292.0,286.0,290.0,273578500.0
2018-03-28,280.0,280.0,290.0,280.0,288.0,204408200.0
2018-03-29,286.0,286.0,286.0,280.0,284.0,215239600.0
2018-03-30,286.0,286.0,286.0,286.0,286.0,0.0
2018-04-02,288.0,288.0,296.0,282.0,290.0,507478700.0
2018-04-03,286.0,286.0,290.0,284.0,286.0,335088700.0
2018-04-04,276.0,276.0,290.0,274.0,290.0,310897100.0
2018-04-05,280.0,280.0,284.0,276.0,280.0,122071700.0
2018-04-06,278.0,278.0,282.0,276.0,280.0,82361900.0
2018-04-09,276.0,276.0,286.0,276.0,278.0,213449000.0
2018-04-10,276.0,276.0,282.0,276.0,278.0,203748500.0
2018-04-11,282.0,282.0,290.0,278.0,280.0,389517700.0
2018-04-12,278.0,278.0,284.0,276.0,282.0,203165700.0
2018-04-13,278.0,278.0,282.0,278.0,280.0,109081600.0
2018-04-16,278.0,278.0,278.0,278.0,278.0,0.0
2018-04-17,278.0,278.0,278.0,278.0,278.0,0.0
2018-04-18,278.0,278.0,286.0,276.0,284.0,242645800.0
2018-04-19,278.0,278.0,278.0,278.0,278.0,0.0
2018-04-20,278.0,278.0,278.0,278.0,278.0,0.0
2018-04-23,270.0,270.0,276.0,268.0,272.0,107398200.0
2018-04-24,262.0,262.0,272.0,258.0,272.0,223971500.0
2018-04-25,262.0,262.0,262.0,262.0,262.0,0.0
2018-04-26,262.0,262.0,262.0,262.0,262.0,0.0
2018-04-27,262.0,262.0,262.0,262.0,262.0,0.0
2018-04-30,240.0,240.0,242.0,234.0,236.0,140009200.0
2018-05-01,240.0,240.0,240.0,240.0,240.0,0.0
2018-05-02,278.0,278.0,278.0,244.0,244.0,720456300.0
2018-05-03,264.0,264.0,278.0,252.0,278.0,577981000.0
2018-05-04,250.0,250.0,268.0,248.0,264.0,300149200.0
2018-05-07,256.0,256.0,262.0,252.0,258.0,204933700.0
2018-05-08,244.0,244.0,256.0,244.0,256.0,191602900.0
2018-05-09,242.0,242.0,248.0,232.0,244.0,268784500.0
2018-05-10,242.0,242.0,242.0,242.0,242.0,0.0
2018-05-11,248.0,248.0,258.0,246.0,248.0,220770100.0
2018-05-14,242.0,242.0,248.0,238.0,248.0,160148200.0
2018-05-15,254.0,254.0,254.0,244.0,248.0,359558600.0
2018-05-16,266.0,266.0,268.0,252.0,258.0,527385900.0
2018-05-17,274.0,274.0,278.0,268.0,268.0,398203400.0
2018-05-18,266.0,266.0,274.0,264.0,274.0,253301700.0
2018-05-21,258.0,258.0,266.0,256.0,266.0,197580600.0
2018-05-22,252.0,252.0,262.0,252.0,260.0,135997100.0
2018-05-23,254.0,254.0,264.0,252.0,252.0,233610000.0
2018-05-24,258.0,258.0,262.0,252.0,252.0,186291600.0
2018-05-25,262.0,262.0,270.0,258.0,260.0,249321100.0
2018-05-28,264.0,264.0,266.0,260.0,260.0,133214200.0
2018-05-29,264.0,264.0,264.0,264.0,264.0,0.0
2018-05-30,252.0,252.0,268.0,250.0,260.0,281174700.0
2018-05-31,264.0,264.0,264.0,248.0,256.0,665929300.0
2018-06-01,264.0,264.0,264.0,264.0,264.0,0.0
2018-06-04,260.0,260.0,268.0,258.0,264.0,179936200.0
2018-06-05,262.0,262.0,272.0,262.0,264.0,600594100.0
2018-06-06,258.0,258.0,268.0,258.0,262.0,222807600.0
2018-06-07,260.0,260.0,264.0,258.0,262.0,108428300.0
2018-06-08,262.0,262.0,264.0,258.0,264.0,162620600.0
2018-06-11,262.0,262.0,262.0,262.0,262.0,0.0
2018-06-12,262.0,262.0,262.0,262.0,262.0,0.0
2018-06-13,262.0,262.0,262.0,262.0,262.0,0.0
2018-06-14,262.0,262.0,262.0,262.0,262.0,0.0
2018-06-15,262.0,262.0,262.0,262.0,262.0,0.0
2018-06-18,262.0,262.0,262.0,262.0,262.0,0.0
2018-06-19,262.0,262.0,262.0,262.0,262.0,0.0
2018-06-20,258.0,258.0,260.0,254.0,258.0,87329200.0
2018-06-21,254.0,254.0,260.0,252.0,258.0,110019500.0
2018-06-22,246.0,246.0,254.0,238.0,252.0,178721200.0
2018-06-25,236.0,236.0,248.0,234.0,246.0,149807400.0
2018-06-26,224.0,224.0,234.0,218.0,234.0,181309700.0
2018-06-27,208.0,208.0,228.0,204.0,220.0,324440700.0
2018-06-28,200.0,200.0,212.0,194.0,208.0,299261000.0
2018-06-29,226.0,226.0,234.0,199.0,204.0,328616100.0
2018-07-02,212.0,212.0,230.0,210.0,226.0,264810500.0
2018-07-03,204.0,204.0,218.0,204.0,212.0,124837600.0
2018-07-04,208.0,208.0,208.0,196.0,204.0,181196400.0
2018-07-05,214.0,214.0,218.0,204.0,208.0,128211600.0
2018-07-06,212.0,212.0,218.0,210.0,212.0,99964300.0
2018-07-09,216.0,216.0,218.0,210.0,214.0,94937200.0
2018-07-10,220.0,220.0,226.0,218.0,218.0,213760900.0
2018-07-11,226.0,226.0,240.0,216.0,216.0,369895800.0
2018-07-12,230.0,230.0,232.0,226.0,228.0,122817300.0
2018-07-13,228.0,228.0,236.0,226.0,232.0,75308500.0
2018-07-16,228.0,228.0,236.0,226.0,230.0,68974400.0
2018-07-17,222.0,222.0,230.0,220.0,228.0,83138100.0
2018-07-18,226.0,226.0,234.0,218.0,220.0,205898700.0
2018-07-19,226.0,226.0,232.0,222.0,230.0,124818400.0
2018-07-20,224.0,224.0,226.0,222.0,226.0,41112200.0
2018-07-23,226.0,226.0,230.0,220.0,220.0,44001900.0
2018-07-24,244.0,244.0,244.0,228.0,228.0,483912000.0
2018-07-25,254.0,254.0,260.0,246.0,248.0,564822800.0
2018-07-26,248.0,248.0,256.0,246.0,252.0,272857500.0
2018-07-27,262.0,262.0,266.0,248.0,250.0,351100700.0
2018-07-30,268.0,268.0,272.0,260.0,266.0,377604600.0
2018-07-31,260.0,260.0,268.0,254.0,266.0,433616100.0
2018-08-01,258.0,258.0,266.0,256.0,260.0,106223900.0
2018-08-02,258.0,258.0,270.0,258.0,260.0,234115200.0
2018-08-03,258.0,258.0,262.0,256.0,260.0,70381400.0
2018-08-06,260.0,260.0,266.0,258.0,260.0,126663700.0
2018-08-07,252.0,252.0,264.0,250.0,260.0,123610500.0
2018-08-08,246.0,246.0,256.0,246.0,252.0,142940100.0
2018-08-09,234.0,234.0,250.0,232.0,250.0,216749700.0
2018-08-10,232.0,232.0,238.0,232.0,238.0,70522900.0
2018-08-13,220.0,220.0,230.0,216.0,230.0,328343300.0
2018-08-14,218.0,218.0,226.0,216.0,220.0,140700900.0
2018-08-15,222.0,222.0,226.0,214.0,222.0,152066800.0
2018-08-16,218.0,218.0,224.0,216.0,222.0,127568200.0
2018-08-17,218.0,218.0,218.0,218.0,218.0,0.0
2018-08-20,226.0,226.0,230.0,220.0,220.0,163866900.0
2018-08-21,224.0,224.0,234.0,222.0,226.0,112087000.0
2018-08-22,224.0,224.0,224.0,224.0,224.0,0.0
2018-08-23,222.0,222.0,228.0,220.0,226.0,80523100.0
2018-08-24,218.0,218.0,224.0,218.0,224.0,53066700.0
2018-08-27,224.0,224.0,226.0,220.0,220.0,54142900.0
2018-08-28,222.0,222.0,230.0,220.0,228.0,118347800.0
2018-08-29,240.0,240.0,248.0,222.0,222.0,579763900.0
2018-08-30,228.0,228.0,246.0,228.0,244.0,359176000.0
2018-08-31,240.0,240.0,240.0,220.0,228.0,185949800.0
2018-09-03,228.0,228.0,238.0,226.0,236.0,157324100.0
2018-09-04,224.0,224.0,234.0,222.0,230.0,107849900.0
2018-09-05,212.0,212.0,224.0,206.0,220.0,241541800.0
2018-09-06,212.0,212.0,220.0,208.0,214.0,116321600.0
2018-09-07,210.0,210.0,216.0,208.0,212.0,153686000.0
2018-09-10,214.0,214.0,216.0,206.0,212.0,115401100.0
2018-09-11,214.0,214.0,214.0,214.0,214.0,0.0
2018-09-12,222.0,222.0,224.0,214.0,214.0,205575400.0
2018-09-13,224.0,224.0,230.0,222.0,224.0,253643800.0
2018-09-14,224.0,224.0,228.0,222.0,224.0,110936000.0
2018-09-17,220.0,220.0,224.0,216.0,224.0,67920000.0
2018-09-18,222.0,222.0,224.0,218.0,220.0,51445500.0
2018-09-19,222.0,222.0,232.0,222.0,222.0,198111300.0
2018-09-20,224.0,224.0,228.0,222.0,222.0,117833500.0
2018-09-21,222.0,222.0,230.0,222.0,226.0,132283800.0
2018-09-24,220.0,220.0,224.0,218.0,224.0,155172800.0
2018-09-25,222.0,222.0,226.0,218.0,220.0,208920000.0
2018-09-26,218.0,218.0,224.0,218.0,222.0,105144000.0
2018-09-27,214.0,214.0,220.0,214.0,218.0,126411500.0
2018-09-28,216.0,216.0,218.0,212.0,216.0,121810400.0
2018-10-01,216.0,216.0,222.0,214.0,216.0,164137400.0
2018-10-02,208.0,208.0,220.0,208.0,218.0,259789500.0
2018-10-03,208.0,208.0,214.0,206.0,210.0,161233200.0
2018-10-04,202.0,202.0,210.0,199.0,208.0,256245100.0
2018-10-05,200.0,200.0,204.0,198.0,202.0,91577000.0
2018-10-08,198.0,198.0,202.0,198.0,202.0,75466400.0
2018-10-09,200.0,200.0,208.0,196.0,200.0,184584700.0
2018-10-10,200.0,200.0,204.0,199.0,202.0,134887400.0
2018-10-11,188.0,188.0,197.0,188.0,197.0,313094100.0
2018-10-12,190.0,190.0,192.0,188.0,190.0,127967600.0
2018-10-15,178.0,178.0,193.0,177.0,191.0,403244100.0
2018-10-16,179.0,179.0,183.0,178.0,180.0,162345700.0
2018-10-17,182.0,182.0,190.0,181.0,181.0,316954100.0
2018-10-18,177.0,177.0,184.0,176.0,183.0,197461700.0
2018-10-19,177.0,177.0,181.0,176.0,177.0,105658800.0
2018-10-22,174.0,174.0,179.0,174.0,178.0,75732000.0
2018-10-23,170.0,170.0,175.0,170.0,175.0,161644200.0
2018-10-24,173.0,173.0,174.0,170.0,170.0,178806600.0
2018-10-25,172.0,172.0,173.0,168.0,170.0,100567900.0
2018-10-26,172.0,172.0,177.0,172.0,172.0,159507300.0
2018-10-29,167.0,167.0,173.0,165.0,172.0,101725200.0
2018-10-30,164.0,164.0,167.0,162.0,166.0,114676000.0
2018-10-31,169.0,169.0,171.0,164.0,165.0,145131500.0
2018-11-01,167.0,167.0,171.0,167.0,169.0,70492500.0
2018-11-02,165.0,165.0,169.0,165.0,167.0,79813600.0
2018-11-05,165.0,165.0,169.0,164.0,165.0,76428200.0
2018-11-06,166.0,166.0,168.0,164.0,164.0,62965500.0
2018-11-07,169.0,169.0,173.0,166.0,168.0,192746300.0
2018-11-08,190.0,190.0,191.0,170.0,170.0,631082700.0
2018-11-09,182.0,182.0,191.0,180.0,189.0,432863400.0
2018-11-12,180.0,180.0,185.0,179.0,183.0,115766700.0
2018-11-13,175.0,175.0,180.0,172.0,177.0,134323800.0
2018-11-14,166.0,166.0,179.0,166.0,177.0,258979800.0
2018-11-15,166.0,166.0,168.0,163.0,166.0,112459300.0
2018-11-16,171.0,171.0,180.0,166.0,168.0,287889200.0
2018-11-19,164.0,164.0,173.0,164.0,172.0,157636100.0
2018-11-20,164.0,164.0,164.0,164.0,164.0,0.0
2018-11-21,154.0,154.0,165.0,150.0,164.0,311727800.0
2018-11-22,153.0,153.0,163.0,152.0,163.0,234497200.0
2018-11-23,151.0,151.0,155.0,151.0,154.0,157285800.0
2018-11-26,135.0,135.0,152.0,135.0,151.0,364252400.0
2018-11-27,130.0,130.0,140.0,130.0,140.0,166173400.0
2018-11-28,126.0,126.0,135.0,125.0,135.0,190877800.0
2018-11-29,129.0,129.0,133.0,128.0,130.0,142524000.0
2018-11-30,130.0,130.0,139.0,129.0,132.0,271069200.0
2018-12-03,135.0,135.0,137.0,131.0,131.0,137598200.0
2018-12-04,140.0,140.0,146.0,134.0,135.0,313462500.0
2018-12-05,136.0,136.0,141.0,135.0,137.0,167142700.0
2018-12-06,131.0,131.0,138.0,131.0,138.0,155914500.0
2018-12-07,130.0,130.0,133.0,128.0,132.0,124243900.0
2018-12-10,128.0,128.0,135.0,127.0,133.0,170615300.0
2018-12-11,128.0,128.0,131.0,127.0,127.0,109517600.0
2018-12-12,128.0,128.0,131.0,127.0,131.0,139720800.0
2018-12-13,130.0,130.0,134.0,129.0,131.0,178314100.0
2018-12-14,129.0,129.0,133.0,128.0,131.0,101100700.0
2018-12-17,126.0,126.0,131.0,126.0,130.0,128611800.0
2018-12-18,123.0,123.0,128.0,121.0,128.0,149339100.0
2018-12-19,120.0,120.0,126.0,120.0,123.0,169470700.0
2018-12-20,115.0,115.0,124.0,111.0,122.0,267121400.0
2018-12-21,113.0,113.0,116.0,111.0,115.0,140102600.0
2018-12-24,113.0,113.0,113.0,113.0,113.0,0.0
2018-12-25,113.0,113.0,113.0,113.0,113.0,0.0
2018-12-26,104.0,104.0,113.0,104.0,113.0,343268200.0
2018-12-27,104.0,104.0,110.0,103.0,107.0,238574300.0
2018-12-28,103.0,103.0,106.0,101.0,106.0,244621500.0
2018-12-31,103.0,103.0,103.0,103.0,103.0,0.0
2019-01-01,103.0,103.0,103.0,103.0,103.0,0.0
2019-01-02,102.0,102.0,106.0,102.0,103.0,108420900.0
2019-01-03,117.0,117.0,117.0,102.0,103.0,521375900.0
2019-01-04,131.0,131.0,135.0,110.0,115.0,1332915200.0
2019-01-07,137.0,137.0,146.0,130.0,133.0,1050380300.0
2019-01-08,138.0,138.0,142.0,134.0,137.0,479631600.0
2019-01-09,142.0,142.0,148.0,138.0,139.0,593770200.0
2019-01-10,146.0,146.0,152.0,142.0,143.0,640812700.0
2019-01-11,152.0,152.0,153.0,147.0,149.0,367896200.0
2019-01-14,150.0,150.0,154.0,142.0,142.0,358187500.0
2019-01-15,153.0,153.0,156.0,149.0,150.0,432634400.0
2019-01-16,159.0,159.0,163.0,152.0,153.0,646838200.0
2019-01-17,164.0,164.0,170.0,155.0,159.0,630213600.0
2019-01-18,174.0,174.0,175.0,165.0,166.0,551491600.0
2019-01-21,174.0,174.0,184.0,171.0,176.0,905984400.0
2019-01-22,167.0,167.0,177.0,166.0,176.0,465665000.0
2019-01-23,180.0,180.0,180.0,165.0,167.0,535366100.0
2019-01-24,179.0,179.0,190.0,177.0,182.0,567706400.0
2019-01-25,172.0,172.0,181.0,172.0,179.0,389437100.0
2019-01-28,172.0,172.0,176.0,171.0,174.0,259769000.0
2019-01-29,167.0,167.0,173.0,165.0,172.0,294673600.0
2019-01-30,161.0,161.0,170.0,159.0,168.0,353238800.0
2019-01-31,168.0,168.0,173.0,162.0,163.0,562915200.0
2019-02-01,162.0,162.0,170.0,161.0,169.0,346335100.0
2019-02-04,162.0,162.0,168.0,161.0,162.0,247968300.0
2019-02-05,162.0,162.0,162.0,162.0,162.0,0.0
2019-02-06,162.0,162.0,167.0,157.0,163.0,233523000.0
2019-02-07,158.0,158.0,165.0,158.0,164.0,256957500.0
2019-02-08,154.0,154.0,158.0,153.0,158.0,208284400.0
2019-02-11,148.0,148.0,155.0,146.0,154.0,228631500.0
2019-02-12,166.0,166.0,167.0,147.0,148.0,801678600.0
2019-02-13,163.0,163.0,174.0,158.0,168.0,1795731000.0
2019-02-14,153.0,153.0,166.0,152.0,165.0,466660300.0
2019-02-15,151.0,151.0,156.0,146.0,153.0,459593900.0
2019-02-18,153.0,153.0,157.0,151.0,153.0,276159500.0
2019-02-19,154.0,154.0,161.0,152.0,155.0,572725100.0
2019-02-20,150.0,150.0,155.0,150.0,154.0,292858100.0
2019-02-21,163.0,163.0,163.0,150.0,151.0,741730200.0
2019-02-22,158.0,158.0,167.0,157.0,163.0,700214700.0
2019-02-25,156.0,156.0,167.0,156.0,167.0,194757200.0
2019-02-26,152.0,152.0,158.0,151.0,156.0,131697300.0
2019-02-27,155.0,155.0,156.0,152.0,155.0,145298500.0
2019-02-28,150.0,150.0,157.0,148.0,154.0,242081500.0
2019-03-01,152.0,152.0,154.0,150.0,151.0,126140400.0
2019-03-04,153.0,153.0,157.0,152.0,154.0,386747300.0
2019-03-05,148.0,148.0,155.0,147.0,154.0,301919700.0
2019-03-06,148.0,148.0,152.0,147.0,150.0,158580900.0
2019-03-07,148.0,148.0,148.0,148.0,148.0,0.0
2019-03-08,142.0,142.0,150.0,141.0,150.0,151121500.0
2019-03-11,134.0,134.0,143.0,133.0,142.0,303013600.0
2019-03-12,130.0,130.0,137.0,127.0,133.0,251132600.0
2019-03-13,129.0,129.0,133.0,128.0,132.0,84234500.0
2019-03-14,130.0,130.0,134.0,127.0,130.0,200549100.0
2019-03-15,132.0,132.0,138.0,130.0,131.0,359451000.0
2019-03-18,131.0,131.0,134.0,130.0,134.0,112908000.0
2019-03-19,130.0,130.0,133.0,129.0,130.0,201743300.0
2019-03-20,137.0,137.0,138.0,130.0,131.0,400401100.0
2019-03-21,134.0,134.0,141.0,132.0,139.0,386618100.0
2019-03-22,134.0,134.0,136.0,133.0,134.0,160423800.0
2019-03-25,129.0,129.0,132.0,128.0,132.0,201250300.0
2019-03-26,130.0,130.0,132.0,129.0,130.0,81509600.0
2019-03-27,130.0,130.0,132.0,128.0,131.0,77007300.0
2019-03-28,128.0,128.0,131.0,127.0,131.0,56523000.0
2019-03-29,123.0,123.0,129.0,122.0,128.0,179448700.0
2019-04-01,122.0,122.0,125.0,120.0,123.0,109689100.0
2019-04-02,122.0,122.0,126.0,121.0,124.0,127689500.0
2019-04-03,122.0,122.0,122.0,122.0,122.0,0.0
2019-04-04,117.0,117.0,124.0,117.0,124.0,140492900.0
2019-04-05,113.0,113.0,119.0,113.0,118.0,128736100.0
2019-04-08,112.0,112.0,116.0,111.0,115.0,121931200.0
2019-04-09,115.0,115.0,119.0,112.0,115.0,338714200.0
2019-04-10,116.0,116.0,119.0,115.0,118.0,193500800.0
2019-04-11,113.0,113.0,118.0,111.0,118.0,157270800.0
2019-04-12,111.0,111.0,114.0,110.0,112.0,128789900.0
2019-04-15,112.0,112.0,113.0,110.0,110.0,154014900.0
2019-04-16,113.0,113.0,115.0,110.0,112.0,174433300.0
2019-04-17,113.0,113.0,113.0,113.0,113.0,0.0
2019-04-18,113.0,113.0,116.0,113.0,116.0,159539500.0
2019-04-19,113.0,113.0,113.0,113.0,113.0,0.0
2019-04-22,113.0,113.0,114.0,110.0,114.0,126407200.0
2019-04-23,125.0,125.0,125.0,113.0,114.0,753048500.0
2019-04-24,121.0,121.0,128.0,120.0,127.0,410252000.0
2019-04-25,123.0,123.0,126.0,118.0,120.0,526640800.0
2019-04-26,123.0,123.0,125.0,121.0,123.0,136746800.0
2019-04-29,129.0,129.0,131.0,122.0,123.0,603340900.0
2019-04-30,123.0,123.0,130.0,123.0,129.0,354628500.0
2019-05-01,123.0,123.0,123.0,123.0,123.0,0.0
2019-05-02,124.0,124.0,126.0,121.0,123.0,276854600.0
2019-05-03,123.0,123.0,126.0,121.0,124.0,278542800.0
2019-05-06,118.0,118.0,123.0,114.0,123.0,288975800.0
2019-05-07,130.0,130.0,130.0,119.0,119.0,630844500.0
2019-05-08,127.0,127.0,133.0,126.0,128.0,594362900.0
2019-05-09,120.0,120.0,128.0,120.0,127.0,219314200.0
2019-05-10,124.0,124.0,126.0,119.0,121.0,254153100.0
2019-05-13,125.0,125.0,126.0,122.0,124.0,215646500.0
2019-05-14,126.0,126.0,129.0,119.0,119.0,283250400.0
2019-05-15,117.0,117.0,128.0,117.0,126.0,391870900.0
2019-05-16,114.0,114.0,122.0,114.0,119.0,215777400.0
2019-05-17,112.0,112.0,118.0,112.0,115.0,159312800.0
2019-05-20,114.0,114.0,115.0,106.0,112.0,162673700.0
2019-05-21,115.0,115.0,119.0,113.0,114.0,237233000.0
2019-05-22,113.0,113.0,117.0,112.0,117.0,123678300.0
2019-05-23,115.0,115.0,118.0,113.0,116.0,122094700.0
2019-05-24,114.0,114.0,118.0,113.0,118.0,71831300.0
2019-05-27,115.0,115.0,117.0,114.0,115.0,115483400.0
2019-05-28,114.0,114.0,117.0,113.0,117.0,156603400.0
2019-05-29,117.0,117.0,120.0,114.0,117.0,176189000.0
2019-05-30,117.0,117.0,117.0,117.0,117.0,0.0
2019-05-31,118.0,118.0,120.0,116.0,119.0,134257900.0
2019-06-03,118.0,118.0,118.0,118.0,118.0,0.0
2019-06-04,118.0,118.0,118.0,118.0,118.0,0.0
2019-06-05,118.0,118.0,118.0,118.0,118.0,0.0
2019-06-06,118.0,118.0,118.0,118.0,118.0,0.0
2019-06-07,118.0,118.0,118.0,118.0,118.0,0.0
2019-06-10,122.0,122.0,123.0,117.0,120.0,189820200.0
2019-06-11,125.0,125.0,127.0,120.0,122.0,286264100.0
2019-06-12,123.0,123.0,129.0,122.0,125.0,247130900.0
2019-06-13,120.0,120.0,124.0,119.0,124.0,152733700.0
2019-06-14,119.0,119.0,122.0,119.0,121.0,64771400.0
2019-06-17,118.0,118.0,125.0,118.0,122.0,188641100.0
2019-06-18,118.0,118.0,120.0,117.0,119.0,95647500.0
2019-06-19,118.0,118.0,120.0,117.0,119.0,95647500.0
2019-06-20,120.0,120.0,121.0,119.0,121.0,88959400.0
2019-06-21,121.0,121.0,121.0,117.0,120.0,158556600.0
2019-06-24,119.0,119.0,125.0,118.0,125.0,80835800.0
2019-06-25,130.0,130.0,131.0,116.0,119.0,688746300.0
2019-06-26,120.0,120.0,131.0,119.0,131.0,1146347600.0
2019-06-27,119.0,119.0,123.0,119.0,120.0,246407300.0
2019-06-28,119.0,119.0,122.0,119.0,120.0,171872400.0
2019-07-01,122.0,122.0,124.0,119.0,121.0,310834400.0
2019-07-02,120.0,120.0,124.0,119.0,122.0,209705000.0
2019-07-03,119.0,119.0,121.0,118.0,120.0,120481500.0
2019-07-04,118.0,118.0,122.0,118.0,120.0,230974700.0
2019-07-05,122.0,122.0,123.0,119.0,120.0,298841100.0
2019-07-08,118.0,118.0,123.0,118.0,121.0,139040800.0
2019-07-09,119.0,119.0,120.0,118.0,119.0,88101200.0
2019-07-10,119.0,119.0,122.0,119.0,120.0,130831700.0
2019-07-11,118.0,118.0,121.0,118.0,120.0,94415300.0
2019-07-12,118.0,118.0,120.0,117.0,118.0,174630500.0
2019-07-15,117.0,117.0,119.0,117.0,119.0,120792800.0
2019-07-16,117.0,117.0,119.0,116.0,118.0,119399300.0
2019-07-17,115.0,115.0,117.0,114.0,117.0,182782400.0
2019-07-18,117.0,117.0,119.0,114.0,114.0,141880000.0
2019-07-19,116.0,116.0,119.0,116.0,119.0,88622700.0
2019-07-22,116.0,116.0,118.0,116.0,116.0,86245500.0
2019-07-23,116.0,116.0,118.0,115.0,118.0,62571000.0
2019-07-24,115.0,115.0,117.0,115.0,116.0,86108600.0
2019-07-25,114.0,114.0,117.0,113.0,117.0,192276100.0
2019-07-26,111.0,111.0,115.0,111.0,113.0,301076600.0
2019-07-29,109.0,109.0,112.0,109.0,111.0,129679700.0
2019-07-30,109.0,109.0,112.0,108.0,109.0,187947800.0
2019-07-31,108.0,108.0,110.0,108.0,109.0,79527400.0
2019-08-01,114.0,114.0,115.0,107.0,107.0,241743600.0
2019-08-02,111.0,111.0,114.0,111.0,112.0,209953600.0
2019-08-05,106.0,106.0,112.0,105.0,111.0,116969700.0
2019-08-06,103.0,103.0,105.0,102.0,105.0,111384500.0
2019-08-07,104.0,104.0,107.0,103.0,104.0,103088400.0
2019-08-08,103.0,103.0,107.0,102.0,104.0,251289700.0
2019-08-09,103.0,103.0,105.0,103.0,104.0,84957400.0
2019-08-12,103.0,103.0,106.0,103.0,104.0,114907300.0
2019-08-13,100.0,100.0,104.0,99.0,104.0,342224500.0
2019-08-14,100.0,100.0,103.0,99.0,100.0,136449700.0
2019-08-15,99.0,99.0,101.0,97.0,100.0,104751500.0
2019-08-16,95.0,95.0,105.0,93.0,100.0,870408600.0
2019-08-19,94.0,94.0,97.0,94.0,96.0,103189000.0
2019-08-20,95.0,95.0,96.0,94.0,94.0,77309100.0
2019-08-21,94.0,94.0,96.0,94.0,95.0,72430000.0
2019-08-22,92.0,92.0,95.0,92.0,94.0,82560800.0
2019-08-23,92.0,92.0,96.0,92.0,94.0,156174200.0
2019-08-26,89.0,89.0,92.0,89.0,92.0,172848600.0
2019-08-27,91.0,91.0,92.0,89.0,90.0,95965800.0
2019-08-28,90.0,90.0,92.0,89.0,91.0,112130600.0
2019-08-29,95.0,95.0,99.0,90.0,90.0,508025100.0
2019-08-30,94.0,94.0,97.0,93.0,96.0,170693200.0
2019-09-02,92.0,92.0,95.0,92.0,95.0,141201900.0
2019-09-03,91.0,91.0,95.0,91.0,92.0,147992900.0
2019-09-04,91.0,91.0,95.0,90.0,92.0,225351300.0
2019-09-05,91.0,91.0,93.0,90.0,92.0,91955200.0
2019-09-06,93.0,93.0,96.0,91.0,92.0,313243000.0
2019-09-09,95.0,95.0,97.0,93.0,95.0,411745800.0
2019-09-10,94.0,94.0,96.0,93.0,95.0,143185000.0
2019-09-11,102.0,102.0,102.0,94.0,95.0,657559200.0
2019-09-12,97.0,97.0,104.0,97.0,103.0,486823600.0
2019-09-13,96.0,96.0,99.0,95.0,98.0,202286800.0
2019-09-16,98.0,98.0,101.0,95.0,96.0,291832000.0
2019-09-17,98.0,98.0,101.0,98.0,98.0,159869700.0
2019-09-18,96.0,96.0,99.0,95.0,98.0,133812600.0
2019-09-19,94.0,94.0,98.0,94.0,98.0,90447100.0
2019-09-20,94.0,94.0,95.0,93.0,95.0,94545400.0
2019-09-23,93.0,93.0,95.0,93.0,94.0,69278800.0
2019-09-24,91.0,91.0,99.0,90.0,99.0,181206800.0
2019-09-25,91.0,91.0,99.0,90.0,99.0,77686500.0
2019-09-26,92.0,92.0,93.0,91.0,92.0,40920900.0
2019-09-27,91.0,91.0,93.0,90.0,92.0,90866800.0
2019-09-30,90.0,90.0,92.0,90.0,92.0,77947300.0
2019-10-01,90.0,90.0,92.0,90.0,91.0,68721500.0
2019-10-02,87.0,87.0,90.0,86.0,90.0,118805600.0
2019-10-03,86.0,86.0,87.0,84.0,86.0,103149800.0
2019-10-04,85.0,85.0,86.0,83.0,86.0,176045600.0
2019-10-07,79.0,79.0,86.0,78.0,85.0,225300500.0
2019-10-08,81.0,81.0,83.0,79.0,79.0,143952900.0
2019-10-09,83.0,83.0,86.0,81.0,81.0,247602700.0
2019-10-10,81.0,81.0,84.0,80.0,83.0,95096700.0
2019-10-11,84.0,84.0,84.0,81.0,82.0,108765700.0
2019-10-14,82.0,82.0,85.0,82.0,84.0,65156900.0
2019-10-15,83.0,83.0,84.0,82.0,83.0,30205700.0
2019-10-16,84.0,84.0,88.0,83.0,83.0,334816900.0
2019-10-17,84.0,84.0,86.0,82.0,85.0,97423000.0
2019-10-18,85.0,85.0,86.0,83.0,84.0,155296900.0
2019-10-21,84.0,84.0,86.0,83.0,85.0,152905200.0
2019-10-22,83.0,83.0,85.0,82.0,84.0,100352300.0
2019-10-23,83.0,83.0,85.0,82.0,83.0,83694000.0
2019-10-24,85.0,85.0,88.0,82.0,84.0,390818700.0
2019-10-25,86.0,86.0,88.0,84.0,85.0,188428600.0
2019-10-28,99.0,99.0,99.0,86.0,86.0,878225500.0
2019-10-29,94.0,94.0,100.0,92.0,100.0,711931500.0
2019-10-30,88.0,88.0,94.0,87.0,93.0,708865800.0
2019-10-31,85.0,85.0,90.0,84.0,89.0,293519400.0
2019-11-01,83.0,83.0,87.0,82.0,85.0,362928700.0
2019-11-04,82.0,82.0,86.0,80.0,84.0,387505100.0
2019-11-05,84.0,84.0,86.0,81.0,83.0,375320500.0
2019-11-06,84.0,84.0,87.0,83.0,85.0,381261200.0
2019-11-07,79.0,79.0,86.0,79.0,85.0,514218700.0
2019-11-08,81.0,81.0,82.0,79.0,80.0,282685400.0
2019-11-11,80.0,80.0,82.0,79.0,82.0,98292500.0
2019-11-12,80.0,80.0,81.0,79.0,81.0,113672200.0
2019-11-13,78.0,78.0,81.0,78.0,81.0,224686100.0
2019-11-14,77.0,77.0,79.0,76.0,79.0,141472300.0
2019-11-15,77.0,77.0,79.0,77.0,77.0,68961900.0
2019-11-18,78.0,78.0,79.0,77.0,78.0,64183200.0
2019-11-19,77.0,77.0,79.0,77.0,78.0,53905200.0
2019-11-20,76.0,76.0,78.0,75.0,77.0,139017400.0
2019-11-21,75.0,75.0,77.0,73.0,75.0,138807500.0
2019-11-22,74.0,74.0,77.0,74.0,75.0,146536700.0
2019-11-25,73.0,73.0,76.0,72.0,74.0,105186800.0
2019-11-26,70.0,70.0,75.0,68.0,75.0,248895000.0
2019-11-27,66.0,66.0,71.0,65.0,71.0,269182200.0
2019-11-28,63.0,63.0,67.0,63.0,64.0,145313500.0
2019-11-29,65.0,65.0,68.0,62.0,65.0,148835300.0
2019-12-02,72.0,72.0,72.0,65.0,65.0,292612600.0
2019-12-03,67.0,67.0,72.0,67.0,71.0,199016500.0
2019-12-04,67.0,67.0,69.0,66.0,68.0,80856500.0
2019-12-05,68.0,68.0,69.0,67.0,68.0,91628300.0
2019-12-06,67.0,67.0,69.0,67.0,68.0,47065700.0
2019-12-09,66.0,66.0,69.0,64.0,67.0,193487200.0
2019-12-10,68.0,68.0,69.0,66.0,67.0,171917900.0
2019-12-11,72.0,72.0,73.0,67.0,68.0,435115900.0
2019-12-12,67.0,67.0,73.0,66.0,72.0,438899800.0
2019-12-13,67.0,67.0,69.0,66.0,68.0,185043100.0
2019-12-16,69.0,69.0,71.0,67.0,68.0,353394900.0
2019-12-17,69.0,69.0,72.0,68.0,69.0,224860700.0
2019-12-18,68.0,68.0,70.0,67.0,69.0,120955700.0
2019-12-19,67.0,67.0,69.0,66.0,69.0,148131800.0
2019-12-20,65.0,65.0,68.0,64.0,68.0,221835100.0
2019-12-23,66.0,66.0,67.0,65.0,65.0,123314600.0
2019-12-26,68.0,68.0,68.0,66.0,67.0,82635200.0
2019-12-27,66.0,66.0,68.0,65.0,68.0,142678200.0
2019-12-30,66.0,66.0,67.0,65.0,66.0,140026200.0
2020-01-02,66.0,66.0,67.0,66.0,66.0,46639800.0
2020-01-03,73.0,73.0,74.0,66.0,66.0,584259800.0
2020-01-06,69.0,69.0,73.0,68.0,73.0,388234900.0
2020-01-07,69.0,69.0,70.0,68.0,69.0,106576500.0
2020-01-08,68.0,68.0,69.0,66.0,69.0,173963700.0
2020-01-09,68.0,68.0,69.0,66.0,68.0,199940000.0
2020-01-10,71.0,71.0,75.0,68.0,69.0,1034709200.0
2020-01-13,72.0,72.0,75.0,70.0,72.0,501405700.0
2020-01-14,71.0,71.0,74.0,70.0,73.0,295481700.0
2020-01-15,67.0,67.0,71.0,67.0,71.0,260937000.0
2020-01-16,68.0,68.0,69.0,66.0,67.0,183821300.0
2020-01-17,66.0,66.0,69.0,65.0,68.0,308712400.0
2020-01-20,65.0,65.0,67.0,65.0,66.0,167518300.0
2020-01-21,65.0,65.0,66.0,64.0,65.0,153268600.0
2020-01-22,63.0,63.0,65.0,63.0,65.0,191755600.0
2020-01-23,61.0,61.0,63.0,59.0,63.0,366928300.0
2020-01-24,56.0,56.0,62.0,55.0,61.0,483738900.0
2020-01-27,51.0,51.0,58.0,50.0,58.0,912945700.0
2020-01-28,56.0,56.0,58.0,50.0,51.0,495705700.0
2020-01-29,57.0,57.0,60.0,55.0,56.0,474601300.0
2020-01-30,54.0,54.0,58.0,54.0,56.0,284080700.0
2020-01-31,53.0,53.0,56.0,52.0,54.0,232809900.0
2020-02-03,53.0,53.0,53.0,51.0,52.0,171176500.0
2020-02-04,53.0,53.0,54.0,52.0,52.0,142181200.0
2020-02-05,51.0,51.0,56.0,50.0,54.0,438410500.0
2020-02-06,53.0,53.0,53.0,51.0,51.0,141438000.0
2020-02-07,53.0,53.0,54.0,51.0,53.0,150247200.0
2020-02-10,52.0,52.0,53.0,51.0,51.0,69300500.0
2020-02-11,52.0,52.0,53.0,51.0,51.0,49992900.0
2020-02-12,52.0,52.0,53.0,51.0,52.0,56995900.0
2020-02-13,52.0,52.0,53.0,51.0,51.0,85572200.0
2020-02-14,51.0,51.0,52.0,51.0,51.0,41576000.0
2020-02-17,51.0,51.0,53.0,51.0,51.0,82901500.0
2020-02-18,52.0,52.0,52.0,51.0,51.0,80600000.0
2020-02-19,51.0,51.0,53.0,51.0,52.0,59714300.0
2020-02-20,50.0,50.0,52.0,50.0,51.0,217721900.0
2020-02-21,50.0,50.0,51.0,50.0,50.0,118994600.0
2020-02-24,50.0,50.0,51.0,50.0,51.0,201346100.0
2020-02-25,50.0,50.0,50.0,50.0,50.0,16260600.0
2020-02-26,50.0,50.0,50.0,50.0,50.0,7151100.0
2020-02-27,50.0,50.0,50.0,50.0,50.0,5149500.0
2020-02-28,50.0,50.0,50.0,50.0,50.0,85283900.0
2020-03-02,50.0,50.0,50.0,50.0,50.0,45892100.0
2020-03-03,50.0,50.0,50.0,50.0,50.0,8002800.0
2020-03-04,50.0,50.0,50.0,50.0,50.0,5029600.0
2020-03-05,50.0,50.0,50.0,50.0,50.0,3208400.0
2020-03-06,50.0,50.0,50.0,50.0,50.0,939400.0
2020-03-09,50.0,50.0,50.0,50.0,50.0,2697100.0
2020-03-10,50.0,50.0,50.0,50.0,50.0,1015500.0
2020-03-11,50.0,50.0,50.0,50.0,50.0,2949900.0
2020-03-12,50.0,50.0,50.0,50.0,50.0,5705400.0
2020-03-13,50.0,50.0,50.0,50.0,50.0,0.0
2020-03-16,50.0,50.0,50.0,50.0,50.0,0.0
2020-03-17,50.0,50.0,50.0,50.0,50.0,1332300.0
2020-03-18,50.0,50.0,50.0,50.0,50.0,3501000.0
2020-03-19,50.0,50.0,50.0,50.0,50.0,92100.0
2020-03-20,50.0,50.0,50.0,50.0,50.0,2335100.0
2020-03-23,50.0,50.0,50.0,50.0,50.0,1178900.0
2020-03-24,50.0,50.0,50.0,50.0,50.0,534200.0
2020-03-26,50.0,50.0,50.0,50.0,50.0,5256600.0
2020-03-27,50.0,50.0,50.0,50.0,50.0,5138500.0
2020-03-30,50.0,50.0,50.0,50.0,50.0,1234200.0
2020-03-31,50.0,50.0,50.0,50.0,50.0,511500.0
2020-04-01,50.0,50.0,50.0,50.0,50.0,2142900.0
2020-04-02,50.0,50.0,50.0,50.0,50.0,6863500.0
2020-04-03,50.0,50.0,50.0,50.0,50.0,4265600.0
2020-04-06,50.0,50.0,50.0,50.0,50.0,3123100.0
2020-04-07,50.0,50.0,50.0,50.0,50.0,1342700.0
2020-04-08,50.0,50.0,50.0,50.0,50.0,746400.0
2020-04-09,50.0,50.0,50.0,50.0,50.0,2214100.0
2020-04-13,50.0,50.0,50.0,50.0,50.0,8657700.0
2020-04-14,50.0,50.0,50.0,50.0,50.0,11979600.0
2020-04-15,50.0,50.0,50.0,50.0,50.0,6341100.0
2020-04-16,50.0,50.0,50.0,50.0,50.0,716600.0
2020-04-17,50.0,50.0,50.0,50.0,50.0,14560400.0
2020-04-20,50.0,50.0,50.0,50.0,50.0,4668300.0
2020-04-21,50.0,50.0,50.0,50.0,50.0,280800.0
2020-04-22,50.0,50.0,50.0,50.0,50.0,512600.0
2020-04-23,50.0,50.0,50.0,50.0,50.0,465100.0
2020-04-24,50.0,50.0,50.0,50.0,50.0,2578700.0
2020-04-27,50.0,50.0,50.0,50.0,50.0,966600.0
2020-04-28,50.0,50.0,50.0,50.0,50.0,505600.0
2020-04-29,50.0,50.0,50.0,50.0,50.0,2656200.0
2020-04-30,50.0,50.0,50.0,50.0,50.0,1242500.0
2020-05-04,50.0,50.0,50.0,50.0,50.0,1503800.0
2020-05-05,50.0,50.0,50.0,50.0,50.0,2318200.0
2020-05-06,50.0,50.0,50.0,50.0,50.0,609200.0
2020-05-08,50.0,50.0,50.0,50.0,50.0,5595200.0
2020-05-11,50.0,50.0,50.0,50.0,50.0,1444900.0
2020-05-12,50.0,50.0,50.0,50.0,50.0,14995600.0
2020-05-13,50.0,50.0,50.0,50.0,50.0,1375500.0
2020-05-14,50.0,50.0,50.0,50.0,50.0,1788900.0
2020-05-15,50.0,50.0,50.0,50.0,50.0,30241700.0
2020-05-18,50.0,50.0,50.0,50.0,50.0,10780400.0
2020-05-19,50.0,50.0,50.0,50.0,50.0,2885500.0
2020-05-20,50.0,50.0,50.0,50.0,50.0,22613200.0
2020-05-26,50.0,50.0,50.0,50.0,50.0,17378500.0
2020-05-27,50.0,50.0,50.0,50.0,50.0,7344800.0
2020-05-28,50.0,50.0,50.0,50.0,50.0,948100.0
2020-05-29,50.0,50.0,50.0,50.0,50.0,2314500.0
2020-06-02,50.0,50.0,50.0,50.0,50.0,11592000.0
2020-06-03,50.0,50.0,50.0,50.0,50.0,4620600.0
2020-06-04,50.0,50.0,50.0,50.0,50.0,5412500.0
2020-06-05,50.0,50.0,50.0,50.0,50.0,13494300.0
2020-06-08,50.0,50.0,50.0,50.0,50.0,52268800.0
2020-06-09,50.0,50.0,50.0,50.0,50.0,28581000.0
2020-06-10,50.0,50.0,50.0,50.0,50.0,15338700.0
2020-06-11,50.0,50.0,50.0,50.0,50.0,72794900.0
2020-06-12,50.0,50.0,50.0,50.0,50.0,710200.0
2020-06-15,50.0,50.0,50.0,50.0,50.0,954100.0
2020-06-16,50.0,50.0,50.0,50.0,50.0,2684000.0
2020-06-17,50.0,50.0,50.0,50.0,50.0,439000.0
2020-06-18,50.0,50.0,50.0,50.0,50.0,2593600.0
2020-06-19,50.0,50.0,50.0,50.0,50.0,602400.0
2020-06-22,50.0,50.0,50.0,50.0,50.0,862000.0
2020-06-23,50.0,50.0,50.0,50.0,50.0,336900.0
2020-06-24,50.0,50.0,50.0,50.0,50.0,540900.0
2020-06-25,50.0,50.0,50.0,50.0,50.0,720700.0
2020-06-26,50.0,50.0,50.0,50.0,50.0,1508000.0
2020-06-29,50.0,50.0,50.0,50.0,50.0,437300.0
2020-06-30,50.0,50.0,50.0,50.0,50.0,133000.0
2020-07-01,50.0,50.0,50.0,50.0,50.0,303000.0
2020-07-02,50.0,50.0,50.0,50.0,50.0,149200.0
2020-07-03,50.0,50.0,50.0,50.0,50.0,114400.0
2020-07-06,50.0,50.0,50.0,50.0,50.0,694700.0
2020-07-07,50.0,50.0,50.0,50.0,50.0,40309700.0
2020-07-08,50.0,50.0,50.0,50.0,50.0,117356400.0
2020-07-09,50.0,50.0,50.0,50.0,50.0,4715600.0
2020-07-10,50.0,50.0,50.0,50.0,50.0,685200.0
2020-07-13,50.0,50.0,50.0,50.0,50.0,1691900.0
2020-07-14,50.0,50.0,50.0,50.0,50.0,617200.0
2020-07-15,50.0,50.0,50.0,50.0,50.0,880900.0
2020-07-16,50.0,50.0,50.0,50.0,50.0,387500.0
2020-07-17,50.0,50.0,50.0,50.0,50.0,19736000.0
2020-07-20,50.0,50.0,50.0,50.0,50.0,672600.0
2020-07-21,50.0,50.0,50.0,50.0,50.0,5537100.0
2020-07-22,50.0,50.0,50.0,50.0,50.0,2090100.0
2020-07-23,50.0,50.0,50.0,50.0,50.0,2037200.0
2020-07-24,50.0,50.0,50.0,50.0,50.0,3967700.0
2020-07-27,50.0,50.0,50.0,50.0,50.0,2639100.0
2020-07-28,50.0,50.0,50.0,50.0,50.0,391000.0
2020-07-29,50.0,50.0,50.0,50.0,50.0,437600.0
2020-07-30,50.0,50.0,50.0,50.0,50.0,291400.0
2020-08-03,50.0,50.0,50.0,50.0,50.0,384600.0
2020-08-04,50.0,50.0,50.0,50.0,50.0,298700.0
2020-08-05,50.0,50.0,50.0,50.0,50.0,7178400.0
2020-08-06,50.0,50.0,50.0,50.0,50.0,7242500.0
2020-08-07,50.0,50.0,50.0,50.0,50.0,8858000.0
2020-08-10,50.0,50.0,50.0,50.0,50.0,7832200.0
2020-08-11,50.0,50.0,50.0,50.0,50.0,9475700.0
2020-08-12,50.0,50.0,50.0,50.0,50.0,7888300.0
2020-08-13,50.0,50.0,50.0,50.0,50.0,6499200.0
2020-08-14,50.0,50.0,50.0,50.0,50.0,3516300.0
2020-08-18,50.0,50.0,50.0,50.0,50.0,447800.0
2020-08-19,50.0,50.0,50.0,50.0,50.0,1058700.0
2020-08-24,50.0,50.0,50.0,50.0,50.0,1812200.0
2020-08-25,50.0,50.0,50.0,50.0,50.0,503100.0
2020-08-26,50.0,50.0,50.0,50.0,50.0,8916200.0
2020-08-27,50.0,50.0,50.0,50.0,50.0,7920200.0
2020-08-28,50.0,50.0,50.0,50.0,50.0,2212700.0
2020-08-31,50.0,50.0,50.0,50.0,50.0,3903400.0
2020-09-01,50.0,50.0,50.0,50.0,50.0,2331500.0
2020-09-02,50.0,50.0,52.0,50.0,50.0,1381787300.0
2020-09-03,52.0,52.0,58.0,50.0,50.0,4610670100.0
2020-09-04,51.0,51.0,54.0,50.0,51.0,879859300.0
2020-09-07,52.0,52.0,54.0,50.0,51.0,518104000.0
2020-09-08,50.0,50.0,53.0,50.0,52.0,1173460400.0
2020-09-09,50.0,50.0,50.0,50.0,50.0,35193200.0
2020-09-10,50.0,50.0,50.0,50.0,50.0,949200.0
2020-09-11,50.0,50.0,50.0,50.0,50.0,1564500.0
2020-09-14,50.0,50.0,50.0,50.0,50.0,7572000.0
2020-09-15,50.0,50.0,54.0,50.0,50.0,806098400.0
2020-09-16,50.0,50.0,52.0,50.0,50.0,203064900.0
2020-09-17,50.0,50.0,51.0,50.0,50.0,201984400.0
2020-09-18,50.0,50.0,51.0,50.0,50.0,127397000.0
2020-09-21,50.0,50.0,51.0,50.0,50.0,81561100.0
2020-09-22,50.0,50.0,50.0,50.0,50.0,9022500.0
2020-09-23,50.0,50.0,50.0,50.0,50.0,18364400.0
2020-09-24,50.0,50.0,50.0,50.0,50.0,855300.0
2020-09-25,50.0,50.0,50.0,50.0,50.0,6328600.0
2020-09-28,50.0,50.0,50.0,50.0,50.0,2009300.0
2020-09-29,50.0,50.0,51.0,50.0,50.0,192231300.0
2020-09-30,50.0,50.0,50.0,50.0,50.0,18872600.0
2020-10-01,50.0,50.0,50.0,50.0,50.0,14375400.0
2020-10-02,50.0,50.0,51.0,50.0,50.0,6376000.0
2020-10-05,50.0,50.0,50.0,50.0,50.0,8471100.0
2020-10-06,50.0,50.0,51.0,50.0,50.0,94971800.0
2020-10-07,51.0,51.0,51.0,50.0,50.0,64913000.0
2020-10-08,50.0,50.0,51.0,50.0,50.0,35543500.0
2020-10-09,50.0,50.0,51.0,50.0,50.0,28498100.0
2020-10-12,50.0,50.0,51.0,50.0,50.0,21524600.0
2020-10-13,50.0,50.0,50.0,50.0,50.0,8003000.0
2020-10-14,50.0,50.0,50.0,50.0,50.0,2686100.0
2020-10-15,50.0,50.0,50.0,50.0,50.0,2389600.0
2020-10-16,50.0,50.0,50.0,50.0,50.0,760700.0
2020-10-19,50.0,50.0,50.0,50.0,50.0,34508500.0
2020-10-20,50.0,50.0,50.0,50.0,50.0,2908200.0
2020-10-21,50.0,50.0,50.0,50.0,50.0,1238000.0
2020-10-22,50.0,50.0,50.0,50.0,50.0,1020300.0
2020-10-23,50.0,50.0,50.0,50.0,50.0,5893100.0
2020-10-26,50.0,50.0,50.0,50.0,50.0,1747800.0
2020-10-27,50.0,50.0,50.0,50.0,50.0,5141900.0
2020-11-02,50.0,50.0,53.0,50.0,50.0,359110300.0
2020-11-03,51.0,51.0,53.0,50.0,50.0,353113100.0
2020-11-04,50.0,50.0,53.0,50.0,52.0,300380700.0
2020-11-05,50.0,50.0,51.0,50.0,50.0,107894000.0
2020-11-06,50.0,50.0,51.0,50.0,50.0,142735300.0
2020-11-09,50.0,50.0,51.0,50.0,51.0,117609400.0
2020-11-10,50.0,50.0,51.0,50.0,51.0,43973600.0
2020-11-11,50.0,50.0,51.0,50.0,50.0,193153200.0
2020-11-12,50.0,50.0,50.0,50.0,50.0,24804600.0
2020-11-13,50.0,50.0,50.0,50.0,50.0,17923600.0
2020-11-16,50.0,50.0,50.0,50.0,50.0,8821600.0
2020-11-17,50.0,50.0,50.0,50.0,50.0,10143100.0
2020-11-18,50.0,50.0,50.0,50.0,50.0,3541700.0
2020-11-19,50.0,50.0,50.0,50.0,50.0,27359200.0
2020-11-20,50.0,50.0,51.0,50.0,50.0,174531500.0
2020-11-23,53.0,53.0,54.0,50.0,50.0,782943500.0
2020-11-24,57.0,57.0,58.0,53.0,54.0,1361862900.0
2020-11-25,72.0,72.0,75.0,58.0,58.0,3895139900.0
2020-11-26,76.0,76.0,79.0,73.0,73.0,2186405900.0
2020-11-27,71.0,71.0,80.0,71.0,77.0,1673442700.0
2020-11-30,67.0,67.0,73.0,67.0,71.0,1548291000.0
2020-12-01,63.0,63.0,71.0,63.0,68.0,1279424700.0
2020-12-02,59.0,59.0,64.0,59.0,64.0,1000637900.0
2020-12-03,71.0,71.0,71.0,56.0,59.0,2646295700.0
2020-12-04,68.0,68.0,74.0,67.0,74.0,1807306000.0
2020-12-07,70.0,70.0,75.0,69.0,69.0,1120226600.0
2020-12-08,73.0,73.0,77.0,70.0,71.0,1514295800.0
2020-12-10,70.0,70.0,75.0,68.0,74.0,802558200.0
2020-12-11,69.0,69.0,73.0,67.0,72.0,416991000.0
2020-12-14,71.0,71.0,73.0,70.0,71.0,475862800.0
2020-12-15,70.0,70.0,73.0,68.0,72.0,404795000.0
2020-12-16,70.0,70.0,72.0,69.0,71.0,363331300.0
2020-12-17,83.0,83.0,89.0,69.0,69.0,4148940000.0
2020-12-18,81.0,81.0,87.0,78.0,85.0,1442773700.0
2020-12-21,78.0,78.0,83.0,77.0,82.0,670145900.0
2020-12-22,73.0,73.0,83.0,73.0,78.0,863583800.0
2020-12-23,72.0,72.0,76.0,68.0,74.0,513716000.0
2020-12-28,75.0,75.0,79.0,71.0,73.0,813897500.0
2020-12-29,73.0,73.0,79.0,73.0,76.0,754606600.0
2020-12-30,72.0,72.0,75.0,71.0,74.0,402525400.0
2021-01-04,74.0,74.0,77.0,70.0,72.0,607961300.0
2021-01-05,74.0,74.0,76.0,73.0,75.0,269312200.0
2021-01-06,71.0,71.0,75.0,70.0,75.0,416612800.0
2021-01-07,73.0,73.0,75.0,71.0,71.0,475552700.0
2021-01-08,78.0,78.0,81.0,73.0,73.0,1385069300.0
2021-01-11,79.0,79.0,82.0,76.0,79.0,787176300.0
2021-01-12,77.0,77.0,80.0,76.0,79.0,313498800.0
2021-01-13,103.0,103.0,103.0,78.0,78.0,4689769000.0
2021-01-14,105.0,105.0,122.0,100.0,107.0,5445235800.0
2021-01-15,120.0,120.0,123.0,104.0,106.0,3391371500.0
2021-01-18,130.0,130.0,156.0,116.0,120.0,6525182300.0
2021-01-19,121.0,121.0,138.0,121.0,130.0,2874177400.0
2021-01-20,113.0,113.0,120.0,113.0,120.0,194654200.0
2021-01-21,106.0,106.0,111.0,106.0,106.0,358591300.0
2021-01-22,99.0,99.0,100.0,99.0,100.0,181549700.0
2021-01-25,93.0,93.0,93.0,93.0,93.0,61258200.0
2021-01-26,87.0,87.0,87.0,87.0,87.0,108915400.0
2021-01-27,81.0,81.0,81.0,81.0,81.0,33515400.0
2021-01-28,76.0,76.0,76.0,76.0,76.0,72511500.0
2021-01-29,71.0,71.0,71.0,71.0,71.0,65940400.0
2021-02-01,67.0,67.0,67.0,67.0,67.0,674423400.0
2021-02-02,63.0,63.0,76.0,63.0,63.0,5443770300.0
2021-02-03,60.0,60.0,65.0,59.0,65.0,1492884900.0
2021-02-04,56.0,56.0,64.0,56.0,60.0,1198094000.0
2021-02-05,63.0,63.0,65.0,55.0,57.0,2179604200.0
2021-02-08,66.0,66.0,67.0,63.0,63.0,1104142300.0
2021-02-09,65.0,65.0,71.0,64.0,67.0,1094297200.0
2021-02-10,66.0,66.0,67.0,65.0,66.0,289955200.0
2021-02-11,65.0,65.0,67.0,65.0,66.0,289231000.0
2021-02-15,65.0,65.0,67.0,64.0,66.0,223005300.0
2021-02-16,64.0,64.0,66.0,63.0,65.0,257163900.0
2021-02-17,61.0,61.0,64.0,60.0,64.0,497571200.0
2021-02-18,60.0,60.0,62.0,59.0,61.0,269847400.0
2021-02-19,58.0,58.0,60.0,56.0,59.0,832781700.0
2021-02-22,61.0,61.0,63.0,57.0,58.0,615559500.0
2021-02-23,62.0,62.0,65.0,60.0,65.0,316294100.0
2021-02-24,59.0,59.0,63.0,59.0,63.0,254453100.0
2021-02-25,65.0,65.0,65.0,60.0,60.0,561792800.0
2021-02-26,61.0,61.0,64.0,61.0,64.0,777444800.0
2021-03-01,62.0,62.0,64.0,61.0,62.0,536660000.0
2021-03-02,62.0,62.0,64.0,61.0,63.0,241565700.0
2021-03-03,61.0,61.0,63.0,60.0,62.0,372785300.0
2021-03-04,61.0,61.0,62.0,60.0,62.0,391919000.0
2021-03-05,60.0,60.0,61.0,59.0,61.0,175132200.0
2021-03-08,59.0,59.0,61.0,58.0,60.0,345630000.0
2021-03-09,59.0,59.0,60.0,58.0,59.0,202832800.0
2021-03-10,59.0,59.0,60.0,58.0,60.0,95008200.0
2021-03-12,61.0,61.0,65.0,60.0,60.0,909000000.0
2021-03-15,61.0,61.0,64.0,61.0,62.0,330925300.0
2021-03-16,60.0,60.0,62.0,59.0,61.0,218140100.0
2021-03-17,60.0,60.0,61.0,59.0,61.0,239408600.0
2021-03-18,61.0,61.0,63.0,59.0,61.0,503254200.0
2021-03-19,62.0,62.0,65.0,61.0,61.0,695945200.0
2021-03-22,68.0,68.0,68.0,62.0,63.0,1356625500.0
2021-03-23,73.0,73.0,77.0,68.0,68.0,2702947000.0
2021-03-24,68.0,68.0,72.0,68.0,71.0,788870200.0
2021-03-25,65.0,65.0,67.0,64.0,66.0,864066000.0
2021-03-26,65.0,65.0,66.0,62.0,65.0,562675200.0
2021-03-29,61.0,61.0,66.0,61.0,66.0,359704500.0
2021-03-30,60.0,60.0,63.0,59.0,61.0,257168600.0
2021-03-31,59.0,59.0,63.0,58.0,61.0,458213200.0
2021-04-01,60.0,60.0,62.0,59.0,60.0,256844100.0
2021-04-05,60.0,60.0,62.0,60.0,61.0,165503900.0
2021-04-06,60.0,60.0,61.0,59.0,61.0,131428000.0
2021-04-07,60.0,60.0,61.0,59.0,61.0,119018200.0
2021-04-08,63.0,63.0,63.0,60.0,60.0,421986600.0
2021-04-09,62.0,62.0,63.0,61.0,63.0,200631300.0
2021-04-12,60.0,60.0,63.0,59.0,62.0,254824700.0
2021-04-13,59.0,59.0,61.0,59.0,60.0,119434100.0
2021-04-14,60.0,60.0,61.0,59.0,59.0,186360200.0
2021-04-15,60.0,60.0,61.0,59.0,60.0,179768500.0
2021-04-16,61.0,61.0,61.0,59.0,60.0,110192700.0
2021-04-19,61.0,61.0,62.0,60.0,61.0,157739200.0
2021-04-20,62.0,62.0,62.0,60.0,61.0,150285400.0
2021-04-21,62.0,62.0,62.0,60.0,61.0,92288700.0
2021-04-22,65.0,65.0,65.0,61.0,62.0,560619300.0
2021-04-23,65.0,65.0,67.0,62.0,65.0,500288400.0
2021-04-26,64.0,64.0,65.0,63.0,65.0,166159500.0
2021-04-27,62.0,62.0,65.0,61.0,64.0,272029600.0
2021-04-28,61.0,61.0,63.0,60.0,63.0,154222000.0
2021-04-29,62.0,62.0,63.0,61.0,61.0,165597200.0
2021-04-30,63.0,63.0,64.0,61.0,62.0,275721500.0
2021-05-03,67.0,67.0,67.0,62.0,63.0,790403100.0
2021-05-04,65.0,65.0,69.0,64.0,68.0,528015500.0
2021-05-05,63.0,63.0,66.0,63.0,65.0,194730400.0
2021-05-06,64.0,64.0,65.0,63.0,63.0,159558000.0
2021-05-07,63.0,63.0,65.0,63.0,64.0,229168500.0
2021-05-10,62.0,62.0,64.0,61.0,64.0,237034300.0
2021-05-11,63.0,63.0,64.0,61.0,62.0,369093500.0
2021-05-17,60.0,60.0,65.0,60.0,63.0,357801100.0
2021-05-18,62.0,62.0,63.0,60.0,60.0,124961800.0
2021-05-19,61.0,61.0,63.0,60.0,62.0,158944700.0
2021-05-20,60.0,60.0,62.0,60.0,61.0,205597900.0
2021-05-21,60.0,60.0,62.0,60.0,61.0,134303800.0
2021-05-24,59.0,59.0,62.0,59.0,61.0,224104700.0
2021-05-25,61.0,61.0,62.0,59.0,60.0,388403800.0
2021-05-27,60.0,60.0,62.0,60.0,61.0,308940000.0
2021-05-28,60.0,60.0,62.0,60.0,60.0,149541700.0
2021-05-31,60.0,60.0,61.0,59.0,61.0,228866300.0
2021-06-02,61.0,61.0,63.0,60.0,61.0,587030900.0
2021-06-03,61.0,61.0,65.0,61.0,62.0,835163400.0
2021-06-04,61.0,61.0,62.0,60.0,62.0,171929400.0
2021-06-07,60.0,60.0,62.0,60.0,61.0,171014600.0
2021-06-08,61.0,61.0,64.0,60.0,60.0,644479500.0
2021-06-09,61.0,61.0,63.0,60.0,62.0,451596000.0
2021-06-10,60.0,60.0,61.0,60.0,60.0,233720900.0
2021-06-11,63.0,63.0,66.0,60.0,61.0,1400047400.0
2021-06-14,61.0,61.0,64.0,61.0,64.0,342889200.0
2021-06-15,61.0,61.0,62.0,60.0,61.0,415433400.0
2021-06-16,61.0,61.0,62.0,60.0,61.0,154223900.0
2021-06-17,60.0,60.0,62.0,60.0,61.0,104716200.0
2021-06-18,58.0,58.0,61.0,57.0,61.0,677879500.0
2021-06-21,58.0,58.0,59.0,57.0,57.0,211400500.0
2021-06-22,59.0,59.0,60.0,58.0,59.0,147428200.0
2021-06-23,60.0,60.0,63.0,59.0,59.0,761211000.0
2021-06-24,59.0,59.0,61.0,59.0,61.0,243456800.0
2021-06-25,59.0,59.0,61.0,59.0,60.0,206503400.0
2021-06-28,58.0,58.0,63.0,58.0,60.0,235336800.0
2021-06-29,59.0,59.0,60.0,58.0,59.0,272846300.0
2021-06-30,60.0,60.0,64.0,58.0,60.0,1191870100.0
2021-07-01,60.0,60.0,62.0,60.0,60.0,377451700.0
2021-07-02,60.0,60.0,62.0,60.0,61.0,231199600.0
2021-07-05,60.0,60.0,61.0,59.0,61.0,158973200.0
2021-07-06,60.0,60.0,61.0,60.0,60.0,203406800.0
2021-07-07,59.0,59.0,61.0,59.0,61.0,166210800.0
2021-07-08,59.0,59.0,60.0,59.0,60.0,109152200.0
2021-07-09,60.0,60.0,61.0,58.0,60.0,561079100.0
2021-07-12,59.0,59.0,61.0,58.0,60.0,488026800.0
2021-07-13,58.0,58.0,60.0,58.0,59.0,242280300.0
2021-07-14,57.0,57.0,59.0,56.0,58.0,324776800.0
2021-07-15,57.0,57.0,58.0,57.0,57.0,86670000.0
2021-07-16,58.0,58.0,58.0,57.0,57.0,74274600.0
2021-07-19,57.0,57.0,58.0,57.0,58.0,72193500.0
2021-07-21,57.0,57.0,58.0,55.0,57.0,347561500.0
2021-07-22,59.0,59.0,59.0,56.0,57.0,141134600.0
2021-07-23,57.0,57.0,59.0,57.0,59.0,82784000.0
2021-07-26,57.0,57.0,58.0,57.0,57.0,159702000.0
2021-07-27,56.0,56.0,58.0,56.0,57.0,101474100.0
2021-07-28,56.0,56.0,58.0,56.0,56.0,72428000.0
2021-07-29,58.0,58.0,59.0,56.0,56.0,257230200.0
2021-07-30,57.0,57.0,58.0,56.0,58.0,130635800.0
2021-08-02,58.0,58.0,58.0,57.0,57.0,106897900.0
2021-08-03,57.0,57.0,58.0,56.0,58.0,123921500.0
2021-08-04,57.0,57.0,58.0,56.0,57.0,109480900.0
2021-08-05,57.0,57.0,57.0,56.0,57.0,111931400.0
2021-08-06,57.0,57.0,57.0,56.0,57.0,226358000.0
2021-08-09,55.0,55.0,57.0,55.0,57.0,234056800.0
2021-08-10,53.0,53.0,55.0,52.0,55.0,612404300.0
2021-08-12,55.0,55.0,57.0,53.0,53.0,281108400.0
2021-08-13,54.0,54.0,56.0,53.0,55.0,190607000.0
2021-08-16,55.0,55.0,55.0,53.0,54.0,112402300.0
2021-08-18,54.0,54.0,56.0,54.0,55.0,112202300.0
2021-08-19,53.0,53.0,55.0,52.0,54.0,152377300.0
2021-08-20,53.0,53.0,54.0,52.0,53.0,90981600.0
2021-08-23,54.0,54.0,54.0,52.0,53.0,95618600.0
2021-08-24,53.0,53.0,55.0,53.0,54.0,83187400.0
2021-08-25,54.0,54.0,54.0,53.0,53.0,38618300.0
2021-08-26,53.0,53.0,54.0,52.0,54.0,116766600.0
2021-08-27,52.0,52.0,54.0,52.0,53.0,127654600.0
2021-08-30,55.0,55.0,56.0,53.0,54.0,376987900.0
2021-08-31,54.0,54.0,56.0,53.0,54.0,214319000.0
2021-09-01,54.0,54.0,56.0,54.0,54.0,91577500.0
2021-09-02,53.0,53.0,55.0,53.0,55.0,123220800.0
2021-09-03,56.0,56.0,56.0,53.0,53.0,288759800.0
2021-09-06,56.0,56.0,57.0,55.0,55.0,102725100.0
2021-09-07,56.0,56.0,57.0,55.0,56.0,107902100.0
2021-09-08,55.0,55.0,57.0,55.0,56.0,119375600.0
2021-09-09,55.0,55.0,56.0,54.0,55.0,85120500.0
2021-09-10,54.0,54.0,56.0,54.0,55.0,79804800.0
2021-09-13,54.0,54.0,55.0,53.0,54.0,138753900.0
2021-09-14,54.0,54.0,55.0,54.0,55.0,52314900.0
2021-09-15,54.0,54.0,56.0,54.0,54.0,141258800.0
2021-09-16,54.0,54.0,55.0,54.0,54.0,91000100.0
2021-09-17,55.0,55.0,55.0,53.0,54.0,73602900.0
2021-09-20,53.0,53.0,55.0,53.0,53.0,62149500.0
2021-09-21,54.0,54.0,54.0,53.0,53.0,54051800.0
2021-09-22,53.0,53.0,54.0,53.0,53.0,56583400.0
2021-09-23,53.0,53.0,55.0,53.0,54.0,119519800.0
2021-09-24,56.0,56.0,58.0,53.0,53.0,584708600.0
2021-09-27,56.0,56.0,58.0,56.0,56.0,279925200.0
2021-09-28,68.0,68.0,68.0,58.0,58.0,2998510300.0
2021-09-29,64.0,64.0,70.0,64.0,66.0,1524094100.0
2021-09-30,66.0,66.0,71.0,62.0,62.0,2315014700.0
2021-10-01,68.0,68.0,69.0,65.0,66.0,637266800.0
2021-10-04,84.0,84.0,88.0,70.0,70.0,4062612500.0
2021-10-05,91.0,91.0,99.0,85.0,88.0,4345682700.0
2021-10-06,92.0,92.0,102.0,91.0,96.0,2743644800.0
2021-10-07,86.0,86.0,88.0,86.0,88.0,229313100.0
2021-10-08,86.0,86.0,86.0,80.0,80.0,3952825300.0
2021-10-11,94.0,94.0,94.0,82.0,87.0,2326346300.0
2021-10-12,93.0,93.0,97.0,91.0,97.0,1813392600.0
2021-10-13,87.0,87.0,94.0,87.0,93.0,1515929700.0
2021-10-14,88.0,88.0,89.0,85.0,88.0,416517800.0
2021-10-15,87.0,87.0,90.0,86.0,88.0,626070200.0
2021-10-18,86.0,86.0,89.0,83.0,87.0,788391000.0
2021-10-19,83.0,83.0,88.0,83.0,87.0,520718300.0
2021-10-21,78.0,78.0,83.0,78.0,82.0,861340900.0
2021-10-22,74.0,74.0,75.0,73.0,73.0,1118884900.0
2021-10-25,75.0,75.0,78.0,74.0,76.0,494176100.0
2021-10-26,75.0,75.0,78.0,75.0,76.0,404105700.0
2021-10-27,75.0,75.0,78.0,74.0,75.0,522095800.0
2021-10-28,71.0,71.0,75.0,70.0,75.0,417795200.0
2021-10-29,72.0,72.0,73.0,69.0,70.0,276442400.0
2021-11-01,73.0,73.0,74.0,69.0,71.0,481438700.0
2021-11-02,70.0,70.0,73.0,69.0,71.0,338600000.0
2021-11-03,73.0,73.0,73.0,70.0,70.0,235279100.0
2021-11-04,74.0,74.0,78.0,73.0,75.0,779066700.0
2021-11-05,71.0,71.0,74.0,70.0,74.0,233251500.0
2021-11-08,71.0,71.0,73.0,69.0,71.0,380476700.0
2021-11-09,72.0,72.0,74.0,71.0,72.0,327168100.0
2021-11-10,71.0,71.0,73.0,70.0,72.0,290533500.0
2021-11-11,71.0,71.0,73.0,70.0,73.0,184809500.0
2021-11-12,70.0,70.0,72.0,70.0,71.0,133354100.0
2021-11-15,66.0,66.0,71.0,66.0,70.0,550559900.0
2021-11-16,66.0,66.0,68.0,65.0,66.0,163186700.0
2021-11-17,67.0,67.0,68.0,66.0,66.0,212609200.0
2021-11-18,66.0,66.0,68.0,65.0,67.0,257640400.0
2021-11-19,69.0,69.0,69.0,63.0,66.0,509882400.0
2021-11-22,69.0,69.0,70.0,67.0,69.0,219750600.0
2021-11-23,71.0,71.0,72.0,69.0,70.0,318678200.0
2021-11-24,71.0,71.0,73.0,70.0,71.0,280414300.0
2021-11-25,71.0,71.0,72.0,69.0,71.0,165210000.0
2021-11-26,67.0,67.0,70.0,67.0,70.0,314863100.0
2021-11-29,65.0,65.0,67.0,64.0,65.0,126707200.0
2021-11-30,66.0,66.0,67.0,64.0,65.0,177730900.0
2021-12-01,65.0,65.0,69.0,65.0,67.0,166132700.0
2021-12-02,68.0,68.0,71.0,65.0,65.0,436506800.0
2021-12-03,68.0,68.0,69.0,67.0,68.0,126185400.0
2021-12-06,67.0,67.0,69.0,66.0,69.0,171868800.0
2021-12-07,67.0,67.0,68.0,65.0,67.0,169023000.0
2021-12-08,68.0,68.0,71.0,66.0,67.0,232321200.0
2021-12-09,68.0,68.0,70.0,68.0,68.0,136667700.0
2021-12-10,69.0,69.0,71.0,67.0,68.0,203654300.0
2021-12-13,71.0,71.0,74.0,69.0,70.0,346576400.0
2021-12-14,70.0,70.0,72.0,68.0,71.0,159297400.0
2021-12-15,69.0,69.0,72.0,69.0,71.0,235594800.0
2021-12-16,68.0,68.0,71.0,68.0,69.0,164599600.0
2021-12-17,69.0,69.0,70.0,67.0,68.0,105819500.0
2021-12-20,67.0,67.0,69.0,67.0,69.0,63424800.0
2021-12-21,67.0,67.0,69.0,67.0,67.0,75271400.0
2021-12-22,65.0,65.0,68.0,65.0,67.0,191363500.0
2021-12-23,66.0,66.0,67.0,65.0,65.0,128283000.0
2021-12-24,66.0,66.0,67.0,64.0,66.0,130391900.0
2021-12-27,64.0,64.0,66.0,63.0,66.0,155814100.0
2021-12-28,65.0,65.0,67.0,64.0,64.0,245146500.0
2021-12-29,67.0,67.0,67.0,64.0,66.0,156400100.0
2021-12-30,67.0,67.0,68.0,65.0,66.0,160605200.0
2022-01-03,66.0,66.0,67.0,64.0,67.0,158396300.0
2022-01-04,66.0,66.0,67.0,65.0,66.0,51962500.0
2022-01-05,67.0,67.0,68.0,66.0,67.0,170662800.0
2022-01-06,67.0,67.0,67.0,65.0,67.0,109781800.0
2022-01-07,68.0,68.0,70.0,66.0,67.0,252942000.0
2022-01-10,67.0,67.0,69.0,66.0,68.0,127930800.0
2022-01-11,67.0,67.0,70.0,67.0,68.0,139635400.0
2022-01-12,67.0,67.0,69.0,66.0,69.0,213490400.0
2022-01-13,66.0,66.0,68.0,66.0,67.0,154155400.0
2022-01-14,67.0,67.0,68.0,66.0,67.0,161749400.0
2022-01-17,63.0,63.0,68.0,63.0,67.0,532930800.0
2022-01-18,60.0,60.0,64.0,59.0,64.0,394727300.0
2022-01-19,64.0,64.0,66.0,58.0,59.0,330962500.0
2022-01-20,65.0,65.0,67.0,64.0,64.0,224966400.0
2022-01-21,67.0,67.0,68.0,64.0,65.0,226384500.0
2022-01-24,73.0,73.0,73.0,66.0,67.0,907348100.0
2022-01-25,68.0,68.0,73.0,68.0,72.0,475862100.0
2022-01-26,70.0,70.0,72.0,68.0,69.0,253259200.0
2022-01-27,80.0,80.0,81.0,70.0,70.0,1780838100.0
2022-01-28,76.0,76.0,80.0,75.0,80.0,802710500.0
2022-01-31,76.0,76.0,79.0,74.0,77.0,375197300.0
2022-02-02,77.0,77.0,80.0,75.0,76.0,492548200.0
2022-02-03,80.0,80.0,83.0,75.0,77.0,1258816400.0
2022-02-04,81.0,81.0,85.0,79.0,80.0,976449300.0
2022-02-07,78.0,78.0,83.0,77.0,81.0,633068800.0
2022-02-08,78.0,78.0,81.0,77.0,78.0,433077700.0
2022-02-09,80.0,80.0,81.0,78.0,80.0,442067400.0
2022-02-10,79.0,79.0,82.0,78.0,81.0,453443500.0
2022-02-11,82.0,82.0,84.0,78.0,84.0,705530500.0
2022-02-14,81.0,81.0,83.0,80.0,81.0,480474800.0
2022-02-15,86.0,86.0,88.0,81.0,82.0,1210593900.0
2022-02-16,85.0,85.0,89.0,84.0,86.0,726832300.0
2022-02-17,80.0,80.0,87.0,80.0,85.0,733808000.0
2022-02-18,75.0,75.0,75.0,75.0,75.0,250607400.0
2022-02-21,70.0,70.0,70.0,70.0,70.0,225892200.0
2022-02-22,66.0,66.0,70.0,66.0,70.0,273772500.0
2022-02-23,62.0,62.0,63.0,62.0,62.0,281234300.0
2022-02-24,58.0,58.0,58.0,58.0,58.0,548415400.0
2022-02-25,54.0,54.0,54.0,54.0,54.0,933455300.0
2022-03-01,51.0,51.0,51.0,51.0,51.0,2463829500.0
2022-03-02,52.0,52.0,56.0,50.0,50.0,15191745200.0
2022-03-04,58.0,58.0,59.0,53.0,53.0,5618403600.0
2022-03-07,60.0,60.0,62.0,58.0,60.0,3792713700.0
2022-03-08,56.0,56.0,61.0,56.0,61.0,2127844300.0
2022-03-09,54.0,54.0,56.0,53.0,56.0,1475732500.0
2022-03-10,53.0,53.0,57.0,52.0,54.0,1554599100.0
2022-03-11,53.0,53.0,55.0,52.0,53.0,859667100.0
2022-03-14,53.0,53.0,55.0,52.0,54.0,1277646000.0
2022-03-15,52.0,52.0,53.0,51.0,53.0,1218768700.0
2022-03-16,52.0,52.0,53.0,51.0,51.0,454058000.0
2022-03-17,56.0,56.0,56.0,52.0,52.0,1899444600.0
2022-03-18,54.0,54.0,57.0,54.0,57.0,1041978400.0
2022-03-21,59.0,59.0,61.0,54.0,55.0,2571060400.0
2022-03-22,60.0,60.0,63.0,59.0,59.0,2877299500.0
2022-03-23,59.0,59.0,62.0,58.0,60.0,1155390500.0
2022-03-24,59.0,59.0,61.0,58.0,59.0,752967600.0
2022-03-25,58.0,58.0,60.0,56.0,60.0,653675300.0
2022-03-28,59.0,59.0,59.0,56.0,58.0,729192300.0
2022-03-29,56.0,56.0,59.0,55.0,59.0,1250335900.0
2022-03-30,57.0,57.0,59.0,55.0,55.0,455966900.0
2022-03-31,57.0,57.0,59.0,57.0,57.0,350430800.0
2022-04-01,58.0,58.0,59.0,57.0,57.0,743787300.0
2022-04-04,58.0,58.0,59.0,57.0,58.0,537359600.0
2022-04-05,60.0,60.0,61.0,57.0,58.0,1423022800.0
2022-04-06,65.0,65.0,66.0,60.0,60.0,3823640100.0
2022-04-07,63.0,63.0,66.0,63.0,65.0,2148676600.0
2022-04-08,66.0,66.0,67.0,63.0,64.0,1741164900.0
2022-04-11,66.0,66.0,70.0,65.0,66.0,2755676400.0
2022-04-12,68.0,68.0,70.0,66.0,66.0,2513146700.0
2022-04-13,68.0,68.0,73.0,68.0,69.0,3705936700.0
2022-04-14,68.0,68.0,70.0,67.0,69.0,1668478600.0
2022-04-18,64.0,64.0,68.0,64.0,68.0,1464549200.0
2022-04-19,60.0,60.0,63.0,60.0,62.0,1998599400.0
2022-04-20,63.0,63.0,64.0,60.0,60.0,942980000.0
2022-04-21,61.0,61.0,64.0,61.0,63.0,430407200.0
2022-04-22,57.0,57.0,62.0,57.0,60.0,2027612100.0
2022-04-25,55.0,55.0,58.0,54.0,57.0,1268712700.0
2022-04-26,54.0,54.0,56.0,53.0,56.0,1310849600.0
2022-04-27,56.0,56.0,58.0,53.0,54.0,1587269000.0
2022-04-28,56.0,56.0,57.0,55.0,56.0,1371832900.0
2022-05-09,61.0,61.0,63.0,57.0,61.0,4196811700.0
2022-05-10,59.0,59.0,60.0,57.0,59.0,1635664100.0
2022-05-11,58.0,58.0,60.0,57.0,59.0,1155655800.0
2022-05-12,54.0,54.0,58.0,54.0,58.0,1805008000.0
2022-05-13,56.0,56.0,56.0,53.0,55.0,1244620900.0
2022-05-17,57.0,57.0,58.0,55.0,57.0,992127300.0
2022-05-18,56.0,56.0,57.0,55.0,57.0,509654600.0
2022-05-19,54.0,54.0,56.0,54.0,56.0,926682700.0
2022-05-20,55.0,55.0,56.0,54.0,55.0,921683800.0
2022-05-23,54.0,54.0,56.0,54.0,56.0,487674700.0
2022-05-24,54.0,54.0,55.0,54.0,55.0,360670100.0
2022-05-25,56.0,56.0,57.0,54.0,54.0,1221692500.0
2022-05-27,55.0,55.0,57.0,54.0,56.0,1191490800.0
2022-05-30,55.0,55.0,56.0,55.0,56.0,516462600.0
2022-05-31,58.0,58.0,58.0,55.0,56.0,1518262900.0
2022-06-02,58.0,58.0,59.0,57.0,59.0,833900000.0
2022-06-03,57.0,57.0,58.0,57.0,58.0,775050700.0
2022-06-06,56.0,56.0,57.0,56.0,57.0,295218200.0
2022-06-07,57.0,57.0,59.0,56.0,57.0,1203478900.0
2022-06-08,58.0,58.0,59.0,57.0,57.0,645021700.0
2022-06-09,59.0,59.0,61.0,57.0,58.0,1866440600.0
2022-06-10,58.0,58.0,59.0,57.0,59.0,727945000.0
2022-06-13,56.0,56.0,57.0,55.0,56.0,955200100.0
2022-06-14,56.0,56.0,57.0,55.0,56.0,302366700.0
2022-06-15,58.0,58.0,61.0,56.0,56.0,2625074000.0
2022-06-16,60.0,60.0,63.0,59.0,59.0,2843046500.0
2022-06-17,65.0,65.0,65.0,59.0,60.0,3441262800.0
2022-06-20,72.0,72.0,73.0,65.0,66.0,5686852000.0
2022-06-21,70.0,70.0,74.0,69.0,74.0,3921085200.0
2022-06-22,67.0,67.0,71.0,66.0,66.0,3864578400.0
2022-06-23,65.0,65.0,68.0,63.0,68.0,3620950100.0
2022-06-24,66.0,66.0,75.0,63.0,75.0,955236000.0
2022-06-27,67.0,67.0,69.0,65.0,66.0,1858961100.0
2022-06-28,64.0,64.0,67.0,63.0,67.0,2744278300.0
2022-06-29,66.0,66.0,67.0,61.0,63.0,2075215300.0
2022-06-30,67.0,67.0,69.0,66.0,68.0,1270047400.0
2022-07-01,65.0,65.0,68.0,65.0,67.0,1146288900.0
2022-07-04,66.0,66.0,68.0,62.0,65.0,1576987100.0
2022-07-05,70.0,70.0,72.0,66.0,67.0,3545842900.0
2022-07-06,69.0,69.0,70.0,67.0,69.0,843947400.0
2022-07-07,70.0,70.0,72.0,68.0,69.0,2882532600.0
2022-07-08,70.0,70.0,72.0,69.0,71.0,1698867700.0
2022-07-11,73.0,73.0,73.0,69.0,71.0,2580495700.0
2022-07-12,79.0,79.0,79.0,72.0,73.0,4566664400.0
2022-07-13,75.0,75.0,79.0,74.0,79.0,2466749800.0
2022-07-14,75.0,75.0,78.0,75.0,76.0,684299900.0
2022-07-15,75.0,75.0,76.0,74.0,76.0,1215380400.0
2022-07-18,77.0,77.0,77.0,75.0,76.0,648647200.0
2022-07-19,79.0,79.0,80.0,77.0,77.0,2375884900.0
2022-07-20,83.0,83.0,83.0,80.0,80.0,2352197600.0
2022-07-21,83.0,83.0,84.0,81.0,82.0,1563403100.0
2022-07-22,86.0,86.0,87.0,83.0,84.0,2889829700.0
2022-07-25,93.0,93.0,94.0,86.0,86.0,4616823900.0
2022-07-26,107.0,107.0,108.0,93.0,93.0,10099007600.0
2022-07-27,108.0,108.0,117.0,104.0,107.0,8384916700.0
2022-07-28,113.0,113.0,113.0,102.0,109.0,5045343400.0
2022-07-29,113.0,113.0,122.0,112.0,113.0,7832437900.0
2022-08-01,115.0,115.0,118.0,110.0,113.0,3891644500.0
2022-08-02,115.0,115.0,118.0,113.0,115.0,2486204100.0
2022-08-03,107.0,107.0,116.0,107.0,115.0,2844318500.0
2022-08-04,101.0,101.0,108.0,100.0,100.0,5731406300.0
2022-08-05,107.0,107.0,107.0,100.0,105.0,2075070000.0
2022-08-08,113.0,113.0,116.0,107.0,107.0,3666835200.0
2022-08-09,140.0,140.0,142.0,113.0,114.0,8263413900.0
2022-08-10,133.0,133.0,144.0,131.0,140.0,5225521800.0
2022-08-11,143.0,143.0,145.0,133.0,136.0,4826566800.0
2022-08-12,133.0,133.0,173.0,133.0,155.0,5842002100.0
2022-08-15,131.0,131.0,134.0,124.0,124.0,3136123600.0
2022-08-16,135.0,135.0,137.0,123.0,123.0,3119258900.0
2022-08-18,143.0,143.0,147.0,135.0,136.0,5202821900.0
2022-08-19,138.0,138.0,148.0,134.0,144.0,5556009300.0
2022-08-22,137.0,137.0,140.0,133.0,139.0,1750984300.0
2022-08-23,145.0,145.0,146.0,137.0,137.0,4282256400.0
2022-08-24,149.0,149.0,150.0,142.0,150.0,4003391200.0
2022-08-25,174.0,174.0,178.0,149.0,149.0,9289230200.0
2022-08-26,171.0,171.0,184.0,163.0,184.0,7378920800.0
2022-08-29,170.0,170.0,177.0,166.0,168.0,5330211700.0
2022-08-30,160.0,160.0,173.0,159.0,172.0,9050461300.0
2022-08-31,168.0,168.0,168.0,152.0,158.0,5306068700.0
2022-09-01,169.0,169.0,180.0,166.0,180.0,6037974000.0
2022-09-02,178.0,178.0,190.0,170.0,170.0,9834723500.0
2022-09-05,197.0,197.0,198.0,177.0,178.0,8709181400.0
2022-09-06,216.0,216.0,246.0,198.0,246.0,9005487200.0
2022-09-07,208.0,208.0,220.0,202.0,220.0,7298178100.0
2022-09-08,200.0,200.0,208.0,195.0,208.0,6328718900.0
2022-09-09,192.0,192.0,200.0,186.0,198.0,8157055400.0
2022-09-12,210.0,210.0,212.0,190.0,193.0,7022115400.0
2022-09-13,204.0,204.0,214.0,200.0,210.0,7024175200.0
2022-09-14,196.0,196.0,220.0,192.0,216.0,5601498300.0
2022-09-15,190.0,190.0,199.0,189.0,198.0,3672223000.0
2022-09-16,180.0,180.0,192.0,177.0,189.0,9338324700.0
2022-09-19,168.0,168.0,184.0,168.0,181.0,6995016000.0
2022-09-20,168.0,168.0,174.0,157.0,170.0,8102695400.0
2022-09-21,157.0,157.0,170.0,157.0,168.0,6718705100.0
2022-09-22,157.0,157.0,158.0,147.0,147.0,8489351000.0
2022-09-23,147.0,147.0,156.0,147.0,147.0,3881387100.0
2022-09-26,137.0,137.0,145.0,137.0,137.0,2289566900.0
2022-09-27,140.0,140.0,142.0,128.0,128.0,6410499300.0
2022-09-28,132.0,132.0,141.0,132.0,137.0,3477229200.0
2022-09-29,133.0,133.0,141.0,131.0,133.0,4338721400.0
2022-09-30,137.0,137.0,138.0,127.0,133.0,3075737400.0
2022-10-03,142.0,142.0,142.0,135.0,136.0,3163646700.0
2022-10-04,153.0,153.0,153.0,145.0,145.0,4892845300.0
2022-10-05,165.0,165.0,167.0,155.0,155.0,5433969900.0
2022-10-06,163.0,163.0,171.0,162.0,166.0,2867449800.0
2022-10-07,186.0,186.0,186.0,167.0,172.0,7205805100.0
2022-10-10,176.0,176.0,199.0,173.0,199.0,7681959900.0
2022-10-11,164.0,164.0,187.0,164.0,177.0,9200015600.0
2022-10-12,170.0,170.0,174.0,156.0,174.0,6106660500.0
2022-10-13,169.0,169.0,177.0,164.0,174.0,3413939100.0
2022-10-14,162.0,162.0,175.0,160.0,172.0,2755513200.0
2022-10-17,163.0,163.0,164.0,151.0,162.0,5110135800.0
2022-10-18,168.0,168.0,172.0,162.0,166.0,3629227400.0
2022-10-19,167.0,167.0,171.0,166.0,168.0,1390094500.0
2022-10-20,178.0,178.0,181.0,167.0,167.0,4594797600.0
2022-10-21,182.0,182.0,185.0,176.0,185.0,3010782100.0
2022-10-24,189.0,189.0,190.0,175.0,183.0,3069909200.0
2022-10-25,189.0,189.0,194.0,185.0,190.0,4465449000.0
2022-10-26,188.0,188.0,194.0,186.0,190.0,2344364300.0
2022-10-27,189.0,189.0,192.0,186.0,189.0,1977603900.0
2022-10-28,182.0,182.0,191.0,181.0,190.0,2798451400.0
2022-10-31,189.0,189.0,192.0,183.0,185.0,3392895100.0
2022-11-01,183.0,183.0,188.0,180.0,186.0,3356661900.0
2022-11-02,181.0,181.0,185.0,176.0,185.0,2467728200.0
2022-11-03,180.0,180.0,191.0,178.0,191.0,2424630100.0
2022-11-04,173.0,173.0,180.0,169.0,180.0,3628004600.0
2022-11-07,178.0,178.0,181.0,168.0,175.0,3094215800.0
2022-11-08,185.0,185.0,186.0,168.0,180.0,2163724500.0
2022-11-09,185.0,185.0,190.0,183.0,185.0,2322746700.0
2022-11-10,187.0,187.0,188.0,179.0,183.0,2325159900.0
2022-11-11,185.0,185.0,194.0,184.0,192.0,2906017700.0
2022-11-14,180.0,180.0,188.0,179.0,183.0,1413241800.0
2022-11-15,176.0,176.0,183.0,174.0,181.0,2368807100.0
2022-11-16,176.0,176.0,181.0,174.0,180.0,1641878900.0
2022-11-17,175.0,175.0,178.0,172.0,175.0,1228597500.0
2022-11-18,181.0,181.0,181.0,174.0,176.0,1640297400.0
2022-11-21,186.0,186.0,187.0,179.0,183.0,1851155100.0
2022-11-22,188.0,188.0,191.0,184.0,188.0,2383466900.0
2022-11-23,195.0,195.0,195.0,188.0,188.0,2541337500.0
2022-11-24,189.0,189.0,198.0,186.0,195.0,2426172200.0
2022-11-25,185.0,185.0,192.0,184.0,189.0,1544548200.0
2022-11-28,179.0,179.0,184.0,173.0,179.0,2994933600.0
2022-11-29,185.0,185.0,185.0,178.0,179.0,1524747600.0
2022-11-30,182.0,182.0,187.0,181.0,186.0,2617202600.0
2022-12-01,184.0,184.0,186.0,182.0,185.0,987060400.0
2022-12-02,181.0,181.0,185.0,181.0,184.0,776091800.0
2022-12-05,171.0,171.0,182.0,170.0,182.0,2515627000.0
2022-12-06,171.0,171.0,175.0,167.0,171.0,1598733600.0
2022-12-07,171.0,171.0,175.0,171.0,172.0,745175400.0
2022-12-08,173.0,173.0,174.0,163.0,171.0,1438165500.0
2022-12-09,172.0,172.0,177.0,171.0,174.0,930692500.0
2022-12-12,176.0,176.0,177.0,169.0,172.0,733669900.0
2022-12-13,175.0,175.0,179.0,174.0,175.0,803136600.0
2022-12-14,175.0,175.0,178.0,172.0,176.0,482737200.0
2022-12-15,174.0,174.0,176.0,173.0,175.0,439015400.0
2022-12-16,172.0,172.0,174.0,170.0,174.0,347291500.0
2022-12-19,167.0,167.0,172.0,167.0,170.0,511559900.0
2022-12-20,164.0,164.0,171.0,164.0,167.0,681604300.0
2022-12-21,166.0,166.0,167.0,162.0,164.0,420944500.0
2022-12-22,168.0,168.0,169.0,166.0,166.0,320005500.0
2022-12-23,171.0,171.0,173.0,166.0,168.0,486744000.0
2022-12-26,169.0,169.0,173.0,168.0,171.0,344982000.0
2022-12-27,168.0,168.0,171.0,168.0,170.0,290435000.0
2022-12-28,164.0,164.0,169.0,163.0,168.0,396591000.0
2022-12-29,164.0,164.0,166.0,161.0,164.0,466197700.0
2022-12-30,161.0,161.0,166.0,161.0,166.0,290512000.0
